near_fid;near_dist;utmx_vertice;utmy_vertice;id;localidade;forn_fa;talhao;utmx_point;utmy_point
8391;11,459275;232324,973272;7704626,225060;1;1001_1;1001;1;232314,197;7704625,944
8391;53,951736;231800,856716;7703889,376150;2;1001_10;1001;10;231834,506;7703846,349
8391;440,097172;231800,856672;7703686,520780;3;1001_12;1001;12;232241,857;7703686,239
8391;5,264874;231787,294422;7703161,436490;4;1001_15;1001;15;231787,983;7703155,888
8243;232,200104;232092,032577;7702375,261660;5;1001_27;1001;27;232272,279;7702522,386
8391;46,348241;231742,621547;7702608,202350;6;1001_30;1001;30;231764,323;7702649,258
8391;474,466728;232819,972249;7703248,789250;7;1001_49;1001;49;232350,886;7703316,686
8391;19,114047;231917,327047;7704502,134070;8;1001_6;1001;6;231937,139;7704501,853
7964;211,996988;228568,804621;7708635,542720;9;1002_10;1002;10;228369,318;7708705,394
7964;45,421453;227666,159426;7708096,028130;10;1002_12;1002;12;227712,293;7708095,747
7964;336,036205;228597,922203;7707558,192030;11;1002_15;1002;15;228307,162;7707390,300
7964;253,631897;228627,039795;7706859,369970;12;1002_18;1002;18;228461,671;7706667,204
7964;284,811245;227520,571505;7707296,133760;13;1002_20;1002;20;227799,623;7707356,807
7964;39,284254;228889,098080;7709392,599970;14;1002_8;1002;8;228902,713;7709355,201
7082;315,432839;226215,683979;7713381,709300;15;1003_11;1003;11;226216,373;7713697,027
6913;42,583434;225598,810811;7714342,589650;16;1003_14;1003;14;225620,812;7714305,416
6860;26,693396;226297,632889;7714956,232230;17;1003_16;1003;16;226325,029;7714955,951
6860;215,816662;226855,870169;7715332,587590;18;1003_8;1003;8;226856,559;7715116,377
7082;128,149260;226152,044948;7713119,651020;19;1004_3;1004;3;226231,337;7713018,073
7249;248,770473;226879,984609;7712886,710330;20;1004_4;1004;4;226850,864;7713133,538
8541;178,892072;248753,862760;7714226,119280;21;1005_14;1005;14;248754,551;7714046,878
7029;208,046261;248863,762462;7713469,062030;22;1005_18;1005;18;248731,786;7713308,418
8541;164,884611;249504,349363;7713207,003760;23;1005_21;1005;21;249427,832;7713352,485
8541;196,255597;249620,819712;7712741,122370;24;1005_24;1005;24;249488,653;7712596,291
8541;14,550999;251396,992495;7712624,652030;25;1005_27;1005;27;251385,863;7712615,872
8541;49,304992;251434,405913;7712187,888230;26;1005_28;1005;28;251435,094;7712236,930
7261;154,451768;250144,936267;7712071,417890;27;1005_36;1005;36;249994,191;7712101,813
8541;30,262793;250140,143881;7712682,887210;28;1005_38;1005;38;250140,832;7712652,332
8674;99,489153;228394,099084;7698852,033720;29;1008_2;1008;2;228443,598;7698938,504
8674;330,648749;229122,038744;7698619,093030;30;1008_4;1008;4;229105,936;7698949,202
8674;85,664917;229005,568405;7698240,564400;31;1008_8;1008;8;229085,102;7698273,890
8391;26,972284;230285,736392;7707499,956860;32;1010_18;1010;18;230286,425;7707472,690
7996;181,352167;230170,271880;7705869,372030;33;1010_34;1010;34;230298,110;7705998,530
8010;94,682975;230315,859813;7705403,490640;34;1010_38;1010;38;230328,983;7705309,299
8391;444,774493;230024,683942;7707063,193060;35;1010_8;1010;8;230306,437;7706717,912
8409;425,817669;228044,688055;7700016,737170;36;1022_15;1022;15;228350,066;7699718,679
8455;445,827029;229675,272897;7699812,914070;37;1022_60;1022;60;229269,498;7699628,922
7487;442,177968;229354,979453;7710922,797210;38;1023_1;1023;1;228913,266;7710922,516
7469;106,733733;230344,977407;7710944,023170;39;1023_15;1023;15;230238,879;7710943,742
7487;34,929640;229587,920158;7710942,618170;40;1023_17;1023;17;229623,556;7710942,337
7469;300,996621;230607,035682;7711023,184800;41;1023_19;1023;19;230896,022;7710935,879
7964;460,294223;228889,098076;7709829,363760;42;1023_2;1023;2;228899,614;7710289,506
7469;336,657508;230519,682925;7710586,421010;43;1023_20;1023;20;230818,752;7710429,871
7469;138,514924;230170,271888;7710324,362740;44;1023_21;1023;21;230252,552;7710212,062
7964;88,659491;228306,746341;7709421,717560;45;1023_29;1023;29;228273,129;7709503,239
7487;56,508221;229587,920085;7710211,360160;46;1023_33;1023;33;229532,072;7710211,079
8176;61,209312;229704,390490;7705963,019100;47;1024_21;1024;21;229643,839;7705962,738
7964;102,119122;228918,215658;7706626,429270;48;1024_4;1024;4;228888,625;7706528,567
7964;32,111918;229500,567386;7706655,546850;49;1024_5;1024;5;229476,312;7706635,017
8055;17,825993;228947,333244;7705345,255470;50;1024_6;1024;6;228959,026;7705359,010
8391;332,694347;231218,504996;7707558,192030;51;1026_1;1026;1;230918,430;7707415,306
8391;580,274595;231451,445681;7704966,726850;52;1026_11;1026;11;230991,564;7705319,894
8391;202,100454;231859,091899;7705141,432370;53;1026_14;1026;14;231722,248;7705289,372
7954;2,118381;232354,090847;7706075,858090;54;1026_18;1026;18;232352,660;7706075,577
8391;268,109470;231160,269817;7706626,429270;55;1026_4;1026;4;230919,249;7706742,468
8391;5,932956;230985,564302;7706024,479080;56;1026_8;1026;8;230980,317;7706024,198
8391;490,574477;229908,213596;7707674,662380;57;1027_12;1027;12;229629,754;7708078,091
8391;221,507813;230315,859818;7707907,603070;58;1027_14;1027;14;230283,905;7708126,523
7964;38,075828;228947,333193;7708116,545140;59;1027_5;1027;5;228986,117;7708116,264
7964;40,800885;228918,215655;7707354,368930;60;1027_6;1027;6;228952,354;7707377,487
7829;62,509583;229646,155323;7707383,486510;61;1027_8;1027;8;229618,178;7707438,790
8391;92,289572;237071,139887;7707412,604090;62;1028_1;1028;1;237109,356;7707496,684
7951;35,241591;237420,550925;7705956,724770;63;1028_14;1028;14;237395,014;7705980,009
7873;507,562033;237566,138860;7706975,840300;64;1028_2;1028;2;237630,834;7707479,300
7860;124,814088;238323,196110;7706946,722710;65;1028_6;1028;6;238246,585;7706848,374
7873;90,453750;237537,021270;7706830,252360;66;1028_9;1028;9;237622,245;7706797,675
8167;356,667241;227986,452883;7705927,607210;67;1030_3;1030;3;228335,445;7706004,959
8167;367,181126;228015,570468;7705287,020310;68;1030_33;1030;33;228381,404;7705246,371
8391;552,323094;231480,563264;7703860,258570;69;1031_23;1031;23;230945,290;7703994,538
8391;461,411846;231014,681879;7702549,967180;70;1031_24;1031;24;230982,847;7703010,179
8228;577,827047;229849,978416;7702928,495810;71;1031_25;1031;25;230362,827;7703196,376
8391;50,579044;230956,446708;7702491,732010;72;1031_28;1031;28;230934,875;7702536,896
8228;469,719218;229879,096000;7702433,496840;73;1031_29;1031;29;230344,812;7702501,087
8391;34,634459;234363,204295;7703297,707060;74;1032_14;1032;14;234329,242;7703297,426
8314;75,659372;233780,852602;7701414,381310;75;1032_146;1032;146;233834,125;7701359,651
8391;9,841733;233809,970190;7701938,497860;76;1032_147;1032;147;233819,096;7701933,141
8286;433,383054;234654,380195;7701501,734070;77;1032_151;1032;151;234370,713;7701174,131
8260;0,000000;234420,678484;7702613,672030;78;1032_156;1032;156;234421,367;7702613,391
8286;224,661483;234887,320890;7701705,557170;79;1032_158;1032;158;235036,127;7701874,336
8208;209,968218;234916,438474;7702753,790280;80;1032_162;1032;162;235011,349;7702565,759
8391;131,114557;235819,083657;7702579,084760;81;1032_166;1032;166;235689,400;7702593,297
8391;7,682955;236213,442526;7702666,437520;82;1032_170;1032;170;236214,131;7702658,470
8286;415,820363;234741,732949;7701501,734060;83;1032_172;1032;172;235032,814;7701203,559
8391;408,752811;235848,201247;7702287,908900;84;1032_174;1032;174;235702,186;7701905,906
8260;172,957828;234508,792265;7701938,497870;85;1032_175;1032;175;234360,019;7701851,017
8391;138,509468;233809,970187;7702520,849590;86;1032_19;1032;19;233705,233;7702610,505
8153;265,296099;234887,320888;7703510,847530;87;1032_36;1032;36;235000,256;7703270,049
8391;262,175307;233606,147083;7704209,669600;88;1032_4;1032;4;233664,143;7703953,425
8118;106,198255;234246,733989;7704034,964080;89;1032_5;1032;5;234326,655;7703963,895
8391;26,947826;233140,265696;7703964,826080;90;1032_8;1032;8;233167,915;7703964,545
8391;20,028515;232994,677763;7703248,789250;91;1032_9;1032;9;233012,801;7703238,631
8499;17,872706;232994,677754;7698969,313980;92;1036_15;1036;15;232977,485;7698969,033
8449;4,957008;233693,499829;7699739,919990;93;1036_17;1036;17;233689,229;7699739,639
8648;42,441734;233140,265688;7699842,031650;94;1036_21;1036;21;233157,342;7699880,923
8383;41,877978;233839,087770;7700482,618550;95;1036_22;1036;22;233806,778;7700456,520
8449;525,651271;233868,205217;7699776,396060;96;1036_27;1036;27;234394,794;7699776,115
8401;14,936430;233198,500853;7700426,314000;97;1036_54;1036;54;233214,133;7700426,033
8648;24,305175;231917,327053;7697774,683020;98;1036_72;1036;72;231941,164;7697781,850
8648;259,858656;232354,090856;7698560,857850;99;1036_73;1036;73;232446,352;7698317,253
8217;180,631495;224055,578710;7704529,963060;100;1038_55;1038;55;223875,651;7704536,069
8217;58,446483;223793,520422;7703074,083750;101;1038_57;1038;57;223737,715;7703088,906
8330;677,435706;225220,282165;7701763,792360;102;1038_63;1038;63;224544,435;7701804,863
8391;618,177898;235906,436416;7702317,026480;103;1039_4;1039;4;236347,292;7701882,293
8828;94,719199;236925,551946;7701181,440610;104;1039_5;1039;5;237020,727;7701188,383
8233;395,020914;237158,492642;7702258,791310;105;1039_6;1039;6;237009,711;7701892,666
8275;16,301267;237507,903672;7701734,674750;106;1039_9;1039;9;237492,302;7701733,617
7470;357,662604;241904,659262;7710353,480310;107;1041_22;1041;22;241551,804;7710408,318
7519;223,972753;242195,835124;7709945,834090;108;1041_27;1041;27;242190,455;7709721,568
7729;214,054871;242254,070301;7708810,248230;109;1041_34;1041;34;242201,214;7709017,310
7729;36,469326;242749,069263;7709471,520120;110;1041_38;1041;38;242713,273;7709471,239
7519;131,770016;242108,482360;7710520,540130;111;1041_43;1041;43;241977,345;7710520,259
8541;193,125114;246476,120333;7701268,793360;112;1043_12;1043;12;246293,956;7701330,896
8541;39,559353;246265,939766;7700802,911980;113;1043_13;1043;13;246266,628;7700842,206
8541;130,594469;245719,063083;7700511,736110;114;1043_14;1043;14;245642,256;7700616,636
6688;136,700038;238876,430267;7716089,644810;115;1046_1;1046;1;238785,249;7715988,055
6878;129,059782;238061,137842;7714662,883080;116;1046_16;1046;16;238090,990;7714536,821
7139;105,257047;238032,020257;7713818,473090;117;1046_18;1046;18;238117,019;7713881,285
6850;198,888091;238235,843364;7715128,764460;118;1046_2;1046;2;238126,899;7715294,533
6847;200,278377;237595,256460;7714779,353430;119;1046_5;1046;5;237440,006;7714653,252
6516;12,922287;236750,846457;7717341,701030;120;1047_14;1047;14;236741,202;7717333,650
6612;50,131407;236750,846453;7716701,114130;121;1047_18;1047;18;236794,303;7716727,031
6722;44,737127;237452,345567;7715944,056880;122;1047_24;1047;24;237453,034;7715988,533
6893;349,085911;236314,082656;7714779,353440;123;1048_10;1048;10;236281,135;7715126,695
8580;459,004600;242807,304418;7697599,977490;124;1050_102;1050;102;242373,790;7697749,128
8580;73,899825;243098,480248;7698463,823960;125;1050_104;1050;104;243025,238;7698463,543
8580;28,527354;243011,127525;7697774,683000;126;1050_14;1050;14;243036,020;7697759,281
8622;19,188836;241729,953718;7697017,625760;127;1050_95;1050;95;241722,397;7697034,681
8622;217,110642;242166,717515;7697046,743350;128;1050_96;1050;96;242384,602;7697044,863
8874;166,737577;226996,454910;7693345,212850;129;1052_31;1052;31;227163,968;7693344,932
8948;31,803167;227316,748371;7692679,105420;130;1052_38;1052;38;227328,969;7692708,481
8521;430,404611;240157,604045;7698415,269910;131;1053_10;1053;10;239748,139;7698283,902
8552;121,114180;239074,547540;7697803,800600;132;1053_13;1053;13;239075,236;7697682,352
8552;576,969922;239167,606105;7697920,270940;133;1053_16;1053;16;239721,629;7697755,650
8581;310,811195;240710,838193;7699143,209560;134;1053_3;1053;3;240418,726;7699038,263
8552;730,668181;238963,783002;7698939,386460;135;1053_6;1053;6;239660,140;7699163,585
8552;162,460571;238934,665409;7698997,621640;136;1053_9;1053;9;239073,290;7699083,308
8541;10,462374;244957,866732;7702025,850610;137;1055_38;1055;38;244958,555;7702015,103
8541;20,781567;244408,771689;7701828,130000;138;1055_40;1055;40;244430,250;7701827,849
8541;39,563152;244437,889274;7701297,910950;139;1055_42;1055;42;244452,621;7701334,634
8541;25,674330;244954,198731;7701414,381300;140;1055_45;1055;45;244954,887;7701439,785
8541;4,516368;244321,418931;7700596,814980;141;1055_49;1055;49;244317,589;7700596,534
8541;573,117127;245602,592745;7701822,027500;142;1056_5;1056;5;245645,067;7701249,925
8541;15,409102;245689,945501;7701971,353010;143;1056_9;1056;9;245706,049;7701971,072
5556;27,574662;236459,670610;7727241,680380;144;1062_60;1062;60;236446,149;7727265,045
5556;293,114123;236081,141977;7726047,859340;145;1062_66;1062;66;235789,251;7726067,391
5697;73,694026;234537,909885;7723660,217270;146;1063_10;1063;10;234522,488;7723731,883
5544;258,355750;234421,439543;7724475,509690;147;1063_6;1063;6;234653,679;7724360,360
5839;87,613341;233984,675748;7722903,160020;148;1065_15;1065;15;234027,709;7722979,627
5773;136,010418;234654,380229;7722932,277610;149;1065_17;1065;17;234578,448;7722819,544
6022;292,353429;234916,438508;7722087,867600;150;1065_18;1065;18;234701,968;7722285,721
8695;20,099425;221316,588171;7695998,510270;151;1069_1;1069;1;221317,277;7696018,340
6546;136,727807;232062,915023;7717924,052760;152;1070_2;1070;2;232111,274;7718051,991
6344;135,805035;232237,620543;7718797,580350;153;1070_4;1070;4;232110,133;7718752,223
6466;135,202087;232849,089861;7717982,287930;154;1072_2;1072;2;232726,302;7718037,241
6344;152,767407;232441,443646;7718739,345180;155;1073_1;1073;1;232594,955;7718736,681
6293;54,115261;232761,737105;7719288,872300;156;1073_2;1073;2;232816,567;7719288,591
6260;112,261584;233198,500895;7719467,284840;157;1073_4;1073;4;233283,631;7719392,947
6546;442,901643;231489,896789;7716963,172410;158;1074_1;1074;1;231490,586;7716519,772
6740;276,966861;232383,208475;7715856,704140;159;1074_4;1074;4;232106,946;7715865,554
8391;79,453931;230344,977385;7701676,439590;160;1101_1;1101;1;230303,994;7701743,854
8391;39,996732;230869,093939;7701172,915000;161;1101_10;1101;10;230829,766;7701172,634
8455;26,072387;229784,498366;7699783,796480;162;1101_14;1101;14;229785,187;7699757,430
8455;487,957817;230082,919100;7699376,150270;163;1101_15;1101;15;229769,575;7699002,071
8228;24,665301;229733,508072;7702491,732010;164;1101_18;1101;18;229711,643;7702481,435
8391;20,491380;230403,212559;7701181,440620;165;1101_4;1101;4;230393,433;7701163,532
8455;113,846968;230315,859656;7700339,712060;166;1101_6;1101;6;230430,452;7700339,431
8873;30,345823;236459,670546;7693494,397820;167;1110_7;1110;7;236486,224;7693510,014
8792;19,563904;236465,783511;7694746,454040;168;1112_3;1112;3;236466,472;7694765,746
8792;49,615469;236517,905721;7694135,408900;169;1112_4;1112;4;236468,956;7694135,128
7124;48,557805;236197,612301;7713177,886190;170;1115_3;1115;3;236175,244;7713134,845
8391;13,171676;235642,026526;7711896,712390;171;1115_43;1115;43;235642,715;7711909,609
8391;279,202847;235294,967117;7712217,005840;172;1115_44;1115;44;235488,491;7712418,817
7115;14,874643;235440,555051;7713090,533420;173;1115_7;1115;7;235453,217;7713081,415
7223;382,676900;236547,023339;7712333,476180;174;1116_7;1116;7;236182,018;7712446,527
7319;28,122321;236896,434382;7712508,181700;175;1117_1;1117;1;236871,221;7712496,915
8391;49,846243;236197,612301;7710994,067210;176;1117_9;1117;9;236227,162;7711034,455
8828;45,904962;237061,487528;7694134,984720;177;1120_4;1120;4;237062,176;7694088,778
9331;269,946206;237420,550900;7693407,045070;178;1120_6;1120;6;237151,872;7693426,212
8911;275,628148;234042,910865;7693523,515410;179;1121_22;1121;22;233785,483;7693426,183
9080;26,930883;233809,970152;7692789,437890;180;1121_23;1121;23;233783,715;7692789,157
9080;38,141779;233722,617398;7692131,892880;181;1121_25;1121;25;233685,146;7692131,612
9080;193,745607;233431,441539;7692067,636100;182;1121_27;1121;27;233455,194;7691874,894
9183;119,778690;232004,679801;7690437,051260;183;1122_15;1122;15;231914,689;7690515,117
9177;42,102014;232498,504415;7690495,286440;184;1122_29;1122;29;232499,193;7690537,128
9075;450,544805;232936,442565;7691368,814030;185;1122_30;1122;30;232505,833;7691237,504
8814;167,660236;236022,906743;7694222,337480;186;1126_1;1126;1;235886,120;7694125,950
8899;39,938346;235814,366490;7693407,045070;187;1126_4;1126;4;235815,055;7693446,721
6492;313,747428;240128,486497;7717661,994480;188;1127_1;1127;1;240122,378;7717347,903
6856;0,000000;240133,204638;7715304,665220;189;1127_13;1127;13;240133,893;7715304,384
6856;22,732945;240769,073397;7715326,721210;190;1127_14;1127;14;240747,019;7715326,440
6742;54,297705;241351,425130;7717283,465850;191;1127_16;1127;16;241335,347;7717231,516
6742;164,254276;241555,248232;7716846,702060;192;1127_18;1127;18;241420,057;7716754,013
6742;72,028253;242222,480679;7716875,819640;193;1127_25;1127;25;242223,169;7716947,597
6856;14,050499;240710,838214;7716747,462220;194;1127_6;1127;6;240697,470;7716747,181
6856;36,299110;240623,485431;7716127,813240;195;1127_7;1127;7;240587,859;7716127,532
6856;36,444179;240186,721645;7716037,886220;196;1127_9;1127;9;240223,870;7716037,605
8746;67,964271;241002,014047;7694921,159550;197;1139_14;1139;14;241062,433;7694953,365
8671;271,703576;240390,544738;7695911,157490;198;1140_32;1140;32;240411,819;7695639,836
8675;251,252062;241147,601982;7696173,215760;199;1140_42;1140;42;241072,115;7696412,474
8581;238,139268;241467,895437;7697599,977490;200;1141_16;1141;16;241677,230;7697714,698
8521;26,068666;240400,811619;7698415,269910;201;1141_21;1141;21;240401,500;7698388,909
8581;61,161462;241089,366820;7697774,683010;202;1141_25;1141;25;241049,321;7697728,744
8581;576,154121;240914,661299;7697949,388530;203;1141_30;1141;30;240387,083;7697718,512
8655;372,183410;240769,073362;7696901,155420;204;1141_32;1141;32;240405,943;7696980,096
7022;118,200085;229733,508094;7713731,120340;205;1144_16;1144;16;229658,864;7713822,000
6945;48,372436;231503,575427;7714429,942410;206;1144_26;1144;26;231504,264;7714381,265
7022;512,307373;229908,213611;7713381,709290;207;1144_3;1144;3;229542,627;7713022,868
6951;288,914888;232383,208467;7714284,354470;208;1144_30;1144;30;232170,577;7714479,131
6848;621,895822;232674,384331;7715332,587580;209;1144_33;1144;33;232127,200;7715037,408
6945;375,990919;231247,622595;7715303,470000;210;1144_37;1144;37;231558,516;7715090,395
7094;193,893995;228248,511176;7713177,886200;211;1144_43;1144;43;228267,734;7712984,499
7160;415,938587;228073,805662;7712653,769650;212;1144_7;1144;7;228311,305;7712311,285
8828;22,135472;236488,788136;7695499,499920;213;1145_1;1145;1;236467,331;7695499,219
8828;19,065428;237100,257444;7694850,097900;214;1145_14;1145;14;237120,020;7694849,817
8828;0,000000;237140,330534;7695565,430920;215;1145_7;1145;7;237141,019;7695565,150
6500;65,816536;238148,490598;7718111,889270;216;1147_10;1147;10;238083,333;7718111,608
6508;37,038159;238252,077600;7717516,406540;217;1147_12;1147;12;238252,766;7717553,180
6599;88,014065;238177,608186;7716802,844230;218;1147_14;1147;14;238266,350;7716802,563
5871;483,566831;237537,021298;7722146,102770;219;1148_19;1148;19;237358,660;7721696,389
6043;79,125157;238061,137858;7721680,221390;220;1148_22;1148;22;238025,335;7721609,692
6076;82,710718;238061,137844;7720960,096300;221;1148_24;1148;24;238144,574;7720959,815
6500;47,663580;238585,254394;7720031,890290;222;1149_33;1149;33;238538,258;7720031,609
6500;29,280799;238164,726603;7718739,345180;223;1150_10;1150;10;238165,415;7718709,770
6492;131,967197;239374,702573;7718535,522070;224;1150_13;1150;13;239375,391;7718667,266
6500;266,481729;238002,902676;7719962,283800;225;1150_45;1150;45;238050,692;7720224,410
6500;16,984739;237388,587575;7718069,640690;226;1150_9;1150;9;237389,276;7718052,367
6546;416,222208;231102,034667;7717603,759320;227;1152_12;1152;12;230824,709;7717913,511
6206;475,492448;230752,623628;7719845,813460;228;1152_123;1152;123;230769,809;7719370,090
6427;278,880729;230228,507075;7718419,051740;229;1152_131;1152;131;230058,574;7718639,543
6427;568,603485;230403,212588;7718448,169310;230;1152_133;1152;133;230866,557;7718778,918
6409;450,835326;229151,156374;7718302,581390;231;1152_18;1152;18;229463,465;7717976,185
6209;83,770120;228714,392575;7719962,283810;232;1152_2;1152;2;228769,408;7720025,824
6206;49,545409;230141,154322;7720107,871740;233;1152_7;1152;7;230092,912;7720099,655
8129;279,927287;225307,634930;7705223,878090;234;1155_12;1155;12;225028,247;7705223,597
8367;159,967469;228568,804576;7701051,738980;235;1155_17;1155;17;228409,444;7701051,458
8381;273,426218;227811,747358;7700686,441670;236;1155_18;1155;18;227843,565;7700957,951
8218;400,038952;225249,399750;7702841,143060;237;1155_21;1155;21;225055,499;7703190,629
8217;489,294128;223909,990675;7703100,050950;238;1155_25;1155;25;224400,238;7703099,770
8217;285,080506;224172,048982;7704541,672100;239;1155_29;1155;29;224457,972;7704541,391
8217;372,316242;224026,461119;7703714,670650;240;1155_36;1155;36;224388,703;7703804,103
8116;122,566977;225074,694238;7703947,611330;241;1155_39;1155;39;225049,061;7703827,556
8218;69,250178;225773,516308;7703918,493750;242;1155_41;1155;41;225718,922;7703876,446
8218;47,979158;225627,928379;7704471,727890;243;1155_42;1155;42;225596,731;7704435,562
8116;22,835931;225132,929400;7704543,907090;244;1155_53;1155;53;225110,770;7704543,626
8129;19,771895;226355,868012;7703836,813060;245;1155_59;1155;59;226376,339;7703836,532
8039;63,369824;224230,284231;7705203,445080;246;1155_6;1155;6;224294,377;7705203,164
8129;179,970210;226122,927333;7704523,270120;247;1155_61;1155;61;226303,681;7704522,989
7964;55,021787;225598,810793;7705898,489620;248;1155_66;1155;66;225629,688;7705944,244
8129;27,185533;225569,693210;7705374,373060;249;1155_67;1155;67;225597,240;7705378,391
8039;314,902044;224084,696294;7705752,901680;250;1155_7;1155;7;224354,119;7705917,097
8039;107,014709;224987,341480;7707354,368930;251;1155_72;1155;72;225074,057;7707290,340
8039;120,055839;224929,106306;7706539,076510;252;1155_74;1155;74;225005,257;7706632,253
8039;46,364776;224317,636988;7706684,664450;253;1155_75;1155;75;224342,219;7706644,620
8798;335,913475;226035,574580;7700890,264770;254;1155_82;1155;82;226303,935;7701093,229
8381;33,653446;227112,925276;7701072,384020;255;1155_84;1155;84;227079,943;7701072,103
8381;5,435715;226402,940292;7701676,439600;256;1155_85;1155;85;226403,629;7701670,720
8372;331,393218;227083,807699;7700657,324080;257;1155_87;1155;87;227096,030;7700325,678
8058;30,877298;226326,750460;7705228,785130;258;1155_89;1155;89;226353,446;7705245,179
8039;71,972272;225016,459034;7705939,691090;259;1155_9;1155;9;224945,137;7705939,410
8167;3,976923;227549,689087;7704588,198230;260;1155_95;1155;95;227546,747;7704589,545
8330;46,413474;225686,163546;7701822,027530;261;1155_96;1155;96;225732,437;7701830,608
6706;0,000000;251473,647930;7716238,410210;262;1158_1;1158;1;251474,336;7716238,129
6706;24,912187;252124,932159;7716206,115150;263;1158_2;1158;2;252113,178;7716184,241
8541;336,664738;252386,990445;7715419,940310;264;1158_3;1158;3;252711,003;7715513,921
8798;438,797430;224958,223868;7694164,102330;265;1162_1;1162;1;224524,077;7694103,259
8798;152,641120;225191,164564;7694105,867160;266;1162_2;1162;2;225212,655;7693954,287
8952;320,993850;225598,810768;7693174,104390;267;1162_3;1162;3;225278,727;7693189,687
6022;48,955488;235993,789212;7721621,986210;268;1163_22;1163;22;236039,370;7721602,121
6500;156,871374;236197,612318;7720835,811380;269;1163_24;1163;24;236069,749;7720925,562
6500;6,192602;236829,369573;7720952,281740;270;1163_25;1163;25;236830,058;7720945,805
6500;14,158898;236925,551976;7720428,165180;271;1163_27;1163;27;236931,207;7720441,150
6500;32,404741;236779,964041;7719353,484290;272;1163_29;1163;29;236813,072;7719353,203
6546;261,192866;231597,033635;7717894,935170;273;1164_1;1164;1;231472,699;7718124,127
6142;164,100950;231495,564352;7720311,694840;274;1164_10;1164;10;231496,253;7720147,232
6172;82,070112;230752,623629;7720240,371310;275;1164_12;1164;12;230835,423;7720240,090
6316;672,784224;231771,739164;7719263,461730;276;1164_3;1164;3;231432,086;7718682,448
6316;193,243427;231393,210538;7719409,049660;277;1164_6;1164;6;231268,035;7719262,010
6316;180,304094;232054,379345;7719292,579320;278;1164_8;1164;8;232055,068;7719472,690
9080;26,068145;232499,678773;7692708,223000;279;1165_15;1165;15;232507,703;7692732,970
9080;37,551539;232965,560157;7692795,575760;280;1165_16;1165;16;232934,706;7692815,704
8793;336,969843;232819,972228;7694164,102310;281;1165_2;1165;2;232496,226;7694072,167
9080;65,469757;232499,678771;7693436,162660;282;1165_6;1165;6;232565,821;7693438,384
9080;331,076310;232033,797395;7693843,808870;283;1166_32;1166;32;231829,457;7694103,685
9080;198,913251;232237,620491;7693379,637890;284;1166_37;1166;37;232039,299;7693379,357
9080;82,760507;231888,209459;7692446,164720;285;1166_44;1166;44;231862,673;7692524,422
9080;39,317146;229851,826356;7692708,223010;286;1168_1;1168;1;229852,515;7692747,279
9080;43,072240;230461,447720;7692387,929550;287;1168_2;1168;2;230476,295;7692428,350
9080;523,069722;231043,799439;7693336,299890;288;1168_21;1168;21;230521,159;7693336,019
9080;560,504883;229675,272886;7692795,575760;289;1168_24;1168;24;229859,049;7693325,352
9080;96,321130;231247,622551;7692562,635070;290;1168_5;1168;5;231194,572;7692642,348
8685;239,514597;229824,292684;7695678,216810;291;1169_3;1169;3;229824,982;7695438,301
8674;20,466603;227869,982528;7698415,269930;292;1169_66;1169;66;227850,958;7698420,530
8520;241,594618;225948,221818;7698386,152350;293;1170_11;1170;11;225805,724;7698191,122
8627;486,695716;226035,574550;7696642,235870;294;1170_118;1170;118;226523,215;7696641,955
8585;276,882303;226734,396647;7697476,440920;295;1170_119;1170;119;226458,058;7697476,160
8520;89,990941;225948,221792;7698822,975890;296;1170_12;1170;12;225858,872;7698822,695
8674;152,635772;227316,748380;7696100,010980;297;1170_124;1170;124;227164,722;7696099,730
8627;658,686003;226035,574573;7696580,861990;298;1170_126;1170;126;226457,135;7696073,441
8798;363,595941;226152,044922;7695474,393710;299;1170_131;1170;131;226516,256;7695487,988
8627;513,794270;225948,221814;7696580,861990;300;1170_133;1170;133;225840,252;7696078,130
8528;39,440492;226454,051291;7698327,917170;301;1170_2;1170;2;226454,740;7698288,175
6739;153,562546;236430,552998;7716060,527230;302;1172_4;1172;4;236573,499;7716118,262
8595;0,000000;224720,468248;7697920,579970;303;1175_27;1175;27;224721,157;7697920,299
8798;46,740796;225016,459043;7696758,146970;304;1175_32;1175;32;224970,382;7696757,866
8790;198,454185;224521,460077;7696173,215790;305;1175_33;1175;33;224716,762;7696133,538
8790;64,579773;224404,989692;7696773,138980;306;1175_34;1175;34;224470,293;7696772,858
8798;21,977368;225162,046978;7696085,863030;307;1175_38;1175;38;225183,545;7696092,688
8627;54,718251;225948,221810;7696755,567510;308;1175_40;1175;40;225902,089;7696783,659
8447;137,394092;235615,260544;7699667,326130;309;1176_40;1176;40;235718,095;7699759,028
8449;620,061169;233868,205353;7699347,032680;310;1176_63;1176;63;234404,549;7699033,840
8361;224,491033;228685,274958;7702054,968220;311;1177_1;1177;1;228514,595;7701909,496
8361;155,534380;229122,038758;7701909,380290;312;1177_3;1177;3;229060,515;7701766,463
8361;28,917366;229063,803586;7702433,496840;313;1177_7;1177;7;229035,966;7702428,387
8367;389,630529;228597,922198;7700686,441660;314;1178_9;1178;9;228324,627;7700408,852
8245;62,167506;227724,394601;7702462,614430;315;1179_5;1179;5;227773,961;7702500,801
8331;144,870384;227840,864948;7701472,616490;316;1180_6;1180;6;227964,917;7701548,431
7626;83,800465;227579,156312;7711547,301370;317;1181_71;1181;71;227579,845;7711630,864
7370;424,931101;228452,334286;7711197,890330;318;1181_72;1181;72;228251,742;7711572,092
7370;136,983704;228423,216697;7710994,067220;319;1181_75;1181;75;228301,737;7710931,668
7370;367,043986;228481,451870;7711197,890330;320;1181_81;1181;81;228780,380;7711411,880
8166;78,856812;226384,985627;7703190,554090;321;1182_16;1182;16;226362,283;7703114,922
8218;40,855030;225715,281140;7703103,201330;322;1182_2;1182;2;225751,022;7703123,950
8227;35,253794;227258,513214;7703254,761050;323;1182_3;1182;3;227294,474;7703254,480
8135;216,153322;227025,572529;7703772,905810;324;1182_4;1182;4;227227,255;7703852,452
8218;258,853015;225191,164578;7702637,319950;325;1183_1;1183;1;225074,268;7702406,279
8247;100,465377;225802,633869;7702431,584040;326;1183_4;1183;4;225702,804;7702431,303
7360;233,318560;237944,667488;7711085,862120;327;1184_10;1184;10;238178,779;7711085,581
7303;29,137190;238061,137829;7711884,341170;328;1184_4;1184;4;238032,676;7711884,060
7319;52,771354;237478,786103;7711838,477210;329;1184_7;1184;7;237523,288;7711867,653
8351;53,853358;222978,228002;7701181,440640;330;1185_1;1185;1;222942,441;7701141,500
8351;464,839766;223065,580762;7701006,735120;331;1185_2;1185;2;222658,637;7700782,514
8442;714,059422;222046,465230;7699579,973390;332;1185_3;1185;3;222428,522;7700183,848
8674;382,439628;229558,802482;7697522,326730;333;1186_18;1186;18;229942,123;7697522,046
8650;505,680628;229587,920133;7696289,686120;334;1186_21;1186;21;229751,202;7696768,502
9079;334,489777;224230,284207;7691747,342660;335;1187_10;1187;10;223898,039;7691781,113
9079;349,227764;224201,166618;7691368,814040;336;1187_5;1187;5;223956,527;7691119,724
9079;21,977153;224346,754546;7691951,165770;337;1187_9;1187;9;224325,526;7691952,659
8828;335,099624;237682,609186;7697483,507150;338;1190_13;1190;13;237825,627;7697786,764
8828;49,397440;237216,727807;7697512,624730;339;1190_16;1190;16;237253,735;7697545,859
8828;306,775858;237653,491597;7697337,919220;340;1190_20;1190;20;237760,310;7697049,658
8828;6,832115;237129,375039;7696988,508180;341;1190_24;1190;24;237131,000;7696994,998
8552;35,851949;238934,665390;7698305,270960;342;1190_3;1190;3;238899,486;7698304,990
8828;799,896047;237682,609186;7697483,507150;343;1190_7;1190;7;237865,291;7698262,513
5486;173,902218;239924,663403;7724970,508640;344;1191_56;1191;56;240023,289;7725114,021
5411;65,207231;240652,603046;7725205,164380;345;1191_58;1191;58;240588,056;7725204,883
5458;188,058179;241497,013080;7725814,918640;346;1191_64;1191;64;241309,677;7725821,186
5569;26,499889;240681,720654;7724475,509670;347;1191_76;1191;76;240696,156;7724497,897
7139;18,112700;237507,903695;7713798,610190;348;1192_8;1192;8;237526,713;7713798,329
8580;428,071509;243302,303396;7698589,975420;349;1193_1;1193;1;243719,467;7698489,970
9405;530,463483;223298,521424;7687991,174030;350;1194_1;1194;1;222889,745;7687653,198
9539;190,327276;222716,169697;7688457,055410;351;1194_5;1194;5;222657,430;7688275,853
7626;92,169562;226996,454960;7711630,792180;352;1196_17;1196;17;226904,926;7711630,511
7626;20,217885;226268,515298;7711576,418960;353;1196_19;1196;19;226250,596;7711584,071
7367;113,375329;225482,340459;7711751,124470;354;1196_20;1196;20;225572,112;7711680,616
7386;96,660319;225569,693220;7710935,832050;355;1196_21;1196;21;225658,302;7710895,262
7626;13,658130;226239,397711;7710935,832060;356;1196_22;1196;22;226227,290;7710940,346
7237;85,003923;226850,867032;7712217,005850;357;1196_23;1196;23;226900,279;7712286,433
7626;23,341652;225773,516311;7710207,300160;358;1196_30;1196;30;225750,851;7710207,019
7079;417,726770;225365,870116;7714109,648970;359;1196_31;1196;31;225542,802;7713730,396
7163;2,177608;225613,999296;7713090,533440;360;1196_46;1196;46;225614,688;7713092,431
7227;161,238639;225715,281149;7712275,241020;361;1196_55;1196;55;225575,077;7712353,539
7259;411,658457;223909,990787;7712624,652070;362;1196_60;1196;60;224208,135;7712909,268
7163;122,850920;224812,635979;7713469,062060;363;1196_61;1196;61;224694,844;7713501,505
6986;245,820595;223549,718053;7713847,590690;364;1196_62;1196;62;223550,407;7713601,355
7079;68,285309;222250,288363;7714400,824830;365;1196_66;1196;66;222227,182;7714336,498
9082;248,648566;241380,542673;7691427,049190;366;1197_11;1197;11;241136,122;7691469,201
9101;191,391611;239779,075412;7691252,343670;367;1197_18;1197;18;239812,262;7691440,760
9101;123,136598;240477,897489;7691164,990920;368;1197_19;1197;19;240484,220;7691287,771
9191;381,622659;239895,545757;7690320,580910;369;1197_4;1197;4;239806,574;7690691,412
9172;36,993611;240507,015067;7690640,874360;370;1197_6;1197;6;240496,191;7690675,767
9699;364,811536;223706,167636;7685690,884700;371;1198_11;1198;11;224017,661;7685499,208
9673;204,830175;222890,875216;7686127,648500;372;1198_18;1198;18;222697,938;7686194,528
9699;168,070063;223502,344526;7685574,414360;373;1198_20;1198;20;223341,301;7685528,079
9492;31,520262;221959,112403;7687442,411840;374;1198_26;1198;26;221991,339;7687442,131
9593;311,151000;223131,019875;7686622,647470;375;1198_27;1198;27;223131,709;7686933,688
9569;118,617665;222745,287277;7686768,235410;376;1198_31;1198;31;222680,820;7686867,153
9673;318,214708;223036,463148;7685923,825400;377;1198_7;1198;7;223304,125;7686097,029
9699;360,615924;223706,167630;7685749,119880;378;1198_9;1198;9;223905,502;7686050,045
8702;4,967518;243680,832016;7696406,156440;379;1199_11;1199;11;243679,358;7696410,350
8580;349,610255;242923,774767;7697337,919210;380;1199_2;1199;2;243084,416;7697026,601
8702;476,016781;242516,128552;7695823,804720;381;1199_3;1199;3;242425,920;7696290,985
8640;2,023924;243057,429677;7696318,803690;382;1199_4;1199;4;243058,118;7696316,498
6189;740,392000;228394,099125;7720049,636570;383;1201_13;1201;13;228114,702;7719363,575
6219;717,364973;227171,160488;7719845,813470;384;1201_15;1201;15;227540,899;7719229,944
6486;130,814682;228132,040847;7718506,404500;385;1201_19;1201;19;228094,676;7718631,351
6486;260,944411;227782,629808;7718477,286910;386;1201_20;1201;20;227640,817;7718695,765
8541;292,533635;244641,712375;7698484,045940;387;1203_19;1203;19;244349,748;7698483,765
10035;14,971565;239974,302577;7682866,478810;388;1205_4;1205;4;239974,991;7682851,220
10628;590,298600;241759,071276;7680682,659830;389;1205_55;1205;55;241770,231;7680091,923
10563;267,244585;240536,132642;7680682,659830;390;1205_58;1205;58;240759,587;7680830,219
10628;43,820516;239946,376571;7682196,774320;391;1205_60;1205;60;239947,065;7682152,654
10510;488,420613;242092,223862;7678848,251890;392;1205_63;1205;63;242092,913;7679336,598
6179;563,155529;223065,580799;7720224,342090;393;1210_1;1210;1;223434,544;7720650,517
5900;444,998968;223560,579769;7721884,044520;394;1210_3;1210;3;223516,990;7721440,729
6017;292,909923;224288,519432;7721243,457620;395;1210_4;1210;4;224101,891;7721017,785
6017;167,066337;224259,401849;7721359,927960;396;1210_5;1210;5;224101,436;7721412,278
5494;284,797228;242807,304468;7725727,565890;397;1211_1;1211;1;242607,210;7725929,432
5433;194,721422;241729,953749;7725170,691240;398;1211_2;1211;2;241925,446;7725170,410
5767;374,407009;242195,835146;7724242,568980;399;1211_6;1211;6;241978,601;7724546,933
5458;4,440483;241316,913690;7725174,331750;400;1211_9;1211;9;241317,602;7725169,608
5599;242,272668;241060,249273;7724475,509670;401;1213_2;1213;2;241301,961;7724500,802
5767;213,199818;241497,013075;7723776,687600;402;1213_3;1213;3;241385,689;7723957,917
5767;12,925834;241788,188940;7723893,157950;403;1213_4;1213;4;241776,021;7723894,268
6833;427,449800;226210,280124;7715478,175520;404;1215_1;1215;1;226188,585;7715904,983
6608;180,872379;225453,222872;7716621,892130;405;1215_10;1215;10;225634,880;7716621,611
6440;173,952683;226006,457032;7717836,700020;406;1215_15;1215;15;225967,512;7717666,947
6500;17,539807;236081,141967;7720253,459660;407;1216_13;1216;13;236066,186;7720261,127
6500;4,370447;235440,555054;7720194,806300;408;1216_41;1216;41;235445,616;7720194,525
6155;305,346510;235411,437473;7720573,753120;409;1216_5;1216;5;235438,932;7720877,782
6500;47,943858;234887,320923;7720399,047590;410;1216_6;1216;6;234921,542;7720433,064
9904;222,225758;248077,587576;7686011,178120;411;1218_15;1218;15;247907,326;7685868,776
9904;3,952571;247844,646876;7686561,929770;412;1218_7;1218;7;247841,381;7686561,649
8307;311,514106;219425,882446;7701530,851680;413;1219_10;1219;10;219123,509;7701603,411
8370;94,353532;218960,001067;7700773,794430;414;1219_7;1219;7;218884,358;7700717,959
8317;123,054640;218523,237257;7701465,377070;415;1219_9;1219;9;218647,052;7701465,096
8317;631,104957;218348,531746;7701443,498920;416;1220_6;1220;6;217757,728;7701664,338
8317;380,385597;218465,002091;7701268,793410;417;1220_8;1220;8;218472,817;7700887,973
8580;654,853239;243185,833054;7698124,094040;418;1221_2;1221;2;243737,895;7697770,013
8702;121,310749;244612,594785;7697773,883920;419;1221_3;1221;3;244491,923;7697773,603
8790;32,729122;223851,755588;7694659,101290;420;1223_1;1223;1;223876,730;7694636,853
9583;118,085721;242719,951643;7687059,411240;421;1227_6;1227;6;242820,649;7687122,012
9583;190,917597;242631,926532;7686913,823300;422;1227_8;1227;8;242632,615;7686722,545
9408;130,426874;217486,158014;7688893,819210;423;1229_1;1229;1;217486,847;7688763,035
9408;107,282187;218011,189043;7689010,289560;424;1229_2;1229;2;218011,878;7688902,664
8798;464,702226;225045,576546;7694722,541950;425;1230_3;1230;3;224581,314;7694722,261
8798;48,020672;225162,046975;7694629,983710;426;1230_5;1230;5;225201,104;7694658,622
8798;59,107371;225861,805262;7694659,101290;427;1230_6;1230;6;225862,494;7694717,959
5620;195,717844;247145,824871;7725028,743810;428;1233_26;1233;26;247060,943;7725204,568
5620;0,000000;247157,580833;7724509,503350;429;1233_27;1233;27;247158,269;7724509,222
5681;245,733040;246388,767614;7723805,805180;430;1233_36;1233;36;246613,461;7723906,786
5788;316,900105;246243,179675;7723123,263260;431;1233_43;1233;43;245926,842;7723122,982
9270;388,230839;242574,363711;7689679,994000;432;1235_3;1235;3;242503,753;7689297,920
9294;224,602343;243389,656126;7689308,383800;433;1235_4;1235;4;243165,649;7689308,103
6053;121,652168;234450,557098;7720951,405340;434;1237_10;1237;10;234329,536;7720951,124
8884;4,765026;244408,771673;7693416,868880;435;1239_1;1239;1;244404,693;7693416,588
8888;175,674701;244583,477199;7693174,104370;436;1239_3;1239;3;244439,658;7693073,802
8872;25,890478;243855,537530;7693523,515400;437;1239_7;1239;7;243835,244;7693508,048
8903;129,074525;243797,302353;7693046,485890;438;1239_8;1239;8;243668,863;7693046,205
8970;44,392824;245020,240988;7693030,904870;439;1239_9;1239;9;245065,340;7693030,624
9584;28,078791;244699,947524;7687027,161780;440;1244_23;1244;23;244728,726;7687026,881
9649;40,292551;245078,476156;7686680,882610;441;1244_24;1244;24;245042,987;7686698,378
9521;274,941390;245020,240987;7687117,646410;442;1244_34;1244;34;245240,131;7687283,511
7139;70,054937;236779,964035;7713207,003770;443;1245_3;1245;3;236833,889;7713161,137
6141;39,003290;228772,627748;7720748,458640;444;1246_15;1246;15;228755,320;7720782,803
6060;91,394014;227549,689125;7721272,575200;445;1246_25;1246;25;227469,050;7721230,493
6131;427,992298;226501,456008;7720486,400370;446;1246_26;1246;26;226847,320;7720739,542
5917;295,376009;230024,683979;7721942,279680;447;1246_3;1246;3;229983,494;7722234,540
6027;150,472173;230141,154318;7721301,692780;448;1246_33;1246;33;230085,475;7721441,008
6142;153,926846;230898,211560;7720814,771320;449;1246_42;1246;42;230744,897;7720814,490
6188;30,949079;227462,336361;7720078,754160;450;1246_45;1246;45;227493,937;7720076,660
6060;0,000000;228207,818375;7722060,994330;451;1246_8;1246;8;228208,507;7722060,713
6827;93,489168;237333,198181;7715128,764470;452;1248_2;1248;2;237422,230;7715159,201
6886;45,846393;236779,964031;7714633,765500;453;1248_4;1248;4;236801,686;7714592,724
6827;220,339487;237012,904729;7715332,587570;454;1249_1;1249;1;236801,014;7715273,964
6706;57,204604;253522,576318;7716056,244200;455;1253_1;1253;1;253580,489;7716055,963
6858;330,839970;254337,868739;7714809,764210;456;1253_13;1253;13;254007,602;7714809,483
6706;185,178716;253842,869764;7716218,788130;457;1253_2;1253;2;254028,801;7716218,507
6858;71,174698;253988,457710;7715565,528240;458;1253_3;1253;3;254041,563;7715613,432
6858;57,087660;253432,576967;7715478,175480;459;1253_8;1253;8;253433,265;7715535,002
6801;446,250303;234421,439531;7719088,756210;460;1254_1;1254;1;234733,142;7718768,167
6480;42,866400;234829,085740;7718011,405510;461;1254_4;1254;4;234794,248;7718035,148
6541;198,828456;234625,262635;7717196,113100;462;1254_7;1254;7;234787,706;7717311,613
7626;20,723273;225011,903277;7710178,774810;463;1255_1;1255;1;225012,592;7710199,228
7844;628,996608;223822,638021;7707412,604120;464;1255_30;1255;30;223656,849;7708019,243
7814;438,152029;224463,224921;7707616,427220;465;1255_33;1255;33;224319,566;7708030,088
7878;411,417440;223172,670656;7706888,487550;466;1255_35;1255;35;223173,360;7707299,849
8039;43,086407;223706,167669;7706626,429280;467;1255_39;1255;39;223716,692;7706668,121
7897;56,226099;223263,338228;7706626,429280;468;1255_40;1255;40;223264,027;7706682,405
7716;100,877220;224288,519412;7708635,542730;469;1255_5;1255;5;224308,055;7708734,418
7415;90,096199;225162,047004;7710732,008950;470;1256_1;1256;1;225076,903;7710759,273
10052;142,377902;239254,958839;7686273,236410;471;1257_11;1257;11;239242,412;7686414,780
9590;186,505008;238410,548835;7686506,177110;472;1257_19;1257;19;238576,421;7686419,124
9617;539,898329;239895,545714;7686361,971730;473;1257_2;1257;2;240436,367;7686361,691
9590;37,767363;237944,667444;7686942,940900;474;1257_21;1257;21;237965,182;7686974,825
9590;49,508174;237391,433302;7687059,411250;475;1257_22;1257;22;237430,174;7687090,837
9540;48,013008;240477,897479;7687001,176060;476;1257_4;1257;4;240476,714;7686952,898
9617;23,581575;239895,545728;7686440,389780;477;1257_7;1257;7;239919,826;7686440,109
9489;103,998122;240041,133678;7687175,881590;478;1257_9;1257;9;240058,587;7687072,917
8647;60,694271;239109,370931;7696347,921290;479;1258_51;1258;51;239051,641;7696331,077
8828;57,764404;237769,961942;7695590,864040;480;1258_62;1258;62;237769,158;7695532,812
8716;313,107777;238148,490566;7695387,040930;481;1258_65;1258;65;238370,828;7695608,110
8828;88,292907;238375,056541;7696493,509210;482;1258_69;1258;69;238375,745;7696404,896
8828;6,803213;237886,432287;7696271,129920;483;1258_70;1258;70;237893,927;7696270,849
8946;16,080853;239140,738571;7692649,987820;484;1259_10;1259;10;239141,427;7692633,619
8990;203,574986;239254,958854;7692271,459190;485;1259_14;1259;14;239157,287;7692092,840
9331;52,613697;237821,474542;7693465,280240;486;1259_2;1259;2;237822,163;7693412,362
9331;148,061155;238556,136775;7692882,928510;487;1259_5;1259;5;238477,283;7692757,689
9407;193,856899;242428,775781;7688486,172960;488;1261_1;1261;1;242565,662;7688623,958
9583;23,996237;242021,129567;7686913,823300;489;1264_1;1264;1;242045,081;7686907,615
9697;52,855072;242778,186813;7685549,589760;490;1265_1;1265;1;242725,998;7685549,309
10052;59,593926;241904,659213;7683623,536050;491;1265_13;1265;13;241959,158;7683648,924
9791;171,188224;242341,423018;7685079,415360;492;1265_2;1265;2;242513,208;7685086,616
9796;444,227914;242982,009915;7684730,004330;493;1265_5;1265;5;243263,556;7684385,309
9819;55,697975;242583,163639;7684467,946050;494;1265_7;1265;7;242583,852;7684411,944
10052;469,880693;242137,599905;7683536,183290;495;1265_8;1265;8;242590,648;7683663,747
9816;371,828745;241904,659221;7684613,533990;496;1265_9;1265;9;242085,578;7684287,845
7692;433,979365;237071,139892;7708781,130650;497;1267_2;1267;2;237494,383;7708880,631
7692;0,000000;236908,369548;7708897,099120;498;1267_4;1267;4;236909,058;7708896,818
7764;432,977261;237216,727827;7707994,955810;499;1267_6;1267;6;237573,376;7708241,518
6869;258,954672;229063,803610;7714662,883100;500;1269_1;1269;1;228906,191;7714457,501
7058;96,213697;228867,383340;7713643,767580;501;1269_18;1269;18;228868,072;7713739,749
6869;124,631668;229471,449816;7714546,412750;502;1269_7;1269;7;229571,088;7714470,252
8330;119,338459;225220,282163;7701705,557190;503;1270_3;1270;3;225101,681;7701700,100
8339;162,551440;225045,576646;7701152,323050;504;1270_5;1270;5;225097,299;7700997,618
8798;99,427245;225715,281126;7700919,382350;505;1270_7;1270;7;225759,733;7701008,438
6347;76,195464;235411,437466;7718828,479270;506;1271_10;1271;10;235335,895;7718828,198
6500;162,669371;235408,437445;7719641,990360;507;1271_9;1271;9;235409,126;7719478,964
6232;227,071802;224725,283230;7719525,520020;508;1274_1;1274;1;224798,953;7719310,086
6224;173,600413;224929,106331;7719933,166230;509;1274_7;1274;7;224766,063;7719990,861
6283;160,970010;223997,343566;7719496,402440;510;1275_2;1275;2;224124,293;7719396,133
7122;232,770960;254920,220476;7713527,297190;511;1280_6;1280;6;254716,617;7713415,282
7122;0,000000;254750,712008;7713890,604180;512;1280_7;1280;7;254751,400;7713890,323
8541;277,364899;253755,517010;7714313,472030;513;1280_9;1280;9;254010,480;7714202,154
10511;33,386538;245282,299245;7678790,016710;514;1284_100;1284;100;245312,736;7678774,551
10631;120,324564;245282,299246;7678120,312230;515;1284_113;1284;113;245324,491;7678007,040
10799;29,748720;245981,121324;7677421,490150;516;1284_127;1284;127;245998,618;7677445,769
10799;33,903156;245398,769592;7677450,607740;517;1284_134;1284;134;245390,953;7677417,494
10974;72,509372;244699,947511;7676897,373610;518;1284_135;1284;135;244752,438;7676947,871
10974;433,600612;244612,594759;7676926,491190;519;1284_138;1284;138;244672,899;7677355,871
10628;37,700287;243972,007856;7678003,841890;520;1284_140;1284;140;243959,222;7678038,788
10799;70,728656;245893,768543;7676711,532620;521;1284_149;1284;149;245823,700;7676711,252
10580;66,987566;246505,237884;7678032,959470;522;1284_151;1284;151;246439,466;7678024,081
10455;449,368855;245689,945460;7679110,310160;523;1284_85;1284;85;245954,982;7678746,418
8671;3,949504;239749,957833;7696299,983930;524;1287_11;1287;11;239746,695;7696299,703
8602;296,404000;239342,311616;7697075,860940;525;1287_5;1287;5;239047,175;7697096,082
8602;305,280447;239429,664376;7697004,259890;526;1287_8;1287;8;239735,767;7697003,979
6504;234,487823;245340,534490;7718710,227570;527;1289_1;1289;1;245359,957;7718943,779
5834;111,940166;236779,964046;7722408,161040;528;1290_25;1290;25;236687,214;7722346,144
6500;232,285006;237187,610256;7720835,811390;529;1290_28;1290;28;237404,415;7720920,964
6500;7,353312;237420,550951;7720128,617300;530;1290_29;1290;29;237428,596;7720128,336
6706;155,250085;253260,518046;7717487,288940;531;1293_1;1293;1;253335,363;7717623,464
6858;178,127320;254163,163221;7717548,864190;532;1293_3;1293;3;253985,662;7717548,583
6706;190,020584;253813,752181;7716933,335250;533;1293_6;1293;6;254004,527;7716933,054
8946;209,542657;239662,605063;7692620,870230;534;1294_8;1294;8;239801,380;7692778,319
9372;161,951563;253406,105935;7688719,113640;535;1295_3;1295;3;253357,569;7688873,182
7031;268,872168;235644,378163;7713643,767570;536;1296_1;1296;1;235496,780;7713867,920
7019;402,941683;233984,675729;7713993,178600;537;1296_10;1296;10;234099,098;7714379,654
7019;46,410965;233547,911926;7714459,059980;538;1296_13;1296;13;233559,101;7714504,009
7019;91,706684;234141,520466;7713818,473090;539;1296_14;1296;14;234142,209;7713909,942
7019;39,093537;233615,927475;7713964,061020;540;1296_18;1296;18;233616,616;7714002,892
6877;90,266192;235411,437471;7714604,647910;541;1296_22;1296;22;235440,950;7714518,782
6877;370,053286;235062,026429;7714604,647910;542;1296_6;1296;6;234745,780;7714413,003
7019;575,763527;234217,616419;7713760,237920;543;1296_7;1296;7;234732,088;7714020,424
7250;193,461743;245369,652074;7714284,354460;544;1302_1;1302;1;245301,761;7714465,055
7250;36,370491;245369,651858;7713974,912200;545;1302_2;1302;2;245333,955;7713974,631
9036;41,249222;235062,026391;7691951,165750;546;1303_3;1303;3;235037,189;7691983,312
9187;229,541071;239284,076435;7690437,051250;547;1304_2;1304;2;239162,728;7690631,302
6259;565,179291;226530,573587;7719467,284850;548;1307_7;1307;7;226588,967;7718904,480
6259;209,294345;226617,926346;7719496,402430;549;1307_8;1307;8;226801,860;7719394,774
5424;60,516972;227287,630844;7725057,861420;550;1309_10;1309;10;227302,127;7724998,627
5688;649,912394;227423,826936;7723601,982110;551;1309_11;1309;11;227424,517;7724251,950
5424;124,254077;227287,630851;7725436,390040;552;1309_9;1309;9;227334,850;7725551,391
6923;7,697885;223540,925262;7715070,529320;553;1312_19;1312;19;223541,614;7715062,546
6923;149,581082;224084,696318;7714983,176550;554;1312_6;1312;6;224204,608;7715073,364
6801;217,503754;233751,734972;7718823,460170;555;1313_1;1313;1;233534,816;7718823,179
5477;55,772032;228044,688100;7724912,273480;556;1314_14;1314;14;228096,466;7724889,551
5477;469,180370;227957,335340;7724854,038320;557;1314_16;1314;16;228047,053;7724392,855
5689;131,538956;232616,149175;7723485,511750;558;1315_1;1315;1;232486,665;7723465,883
5814;241,098264;232033,797441;7722670,219330;559;1315_2;1315;2;232068,335;7722908,767
9430;92,922534;243302,303376;7687787,350890;560;1317_4;1317;4;243344,296;7687870,351
5699;372,404767;244088,478278;7723485,511740;561;1318_10;1318;10;243965,699;7723836,734
5699;46,856152;243389,656201;7723713,071350;562;1318_13;1318;13;243437,220;7723712,790
5538;51,742914;244626,653755;7724562,862430;563;1318_4;1318;4;244627,342;7724614,345
5619;146,985145;244554,359658;7724009,628280;564;1318_9;1318;9;244606,728;7723871,683
9407;142,536232;242399,658198;7687903,821240;565;1319_6;1319;6;242533,935;7687853,663
8777;207,294819;234508,792247;7694309,690240;566;1320_1;1320;1;234482,602;7694103,766
6706;12,142788;252036,163943;7716963,172390;567;1321_10;1321;10;252036,852;7716950,744
6706;0,000000;252730,975961;7716273,688220;568;1321_11;1321;11;252731,664;7716273,407
8541;32,632669;250086,701093;7717555,539230;569;1321_2;1321;2;250120,034;7717555,258
6566;68,734270;250756,405596;7716934,054800;570;1321_3;1321;3;250701,589;7716893,189
6706;75,829083;251222,286976;7716788,466870;571;1321_5;1321;5;251263,946;7716724,345
9854;234,277943;244292,301303;7684467,414780;572;1323_10;1323;10;244527,363;7684467,134
9806;167,323344;243913,772687;7684846,474680;573;1323_11;1323;11;243958,650;7685007,648
9822;171,381368;245049,358566;7684497,063640;574;1323_13;1323;13;245210,297;7684435,831
9936;235,465405;244146,713383;7683652,653630;575;1323_2;1323;2;243913,990;7683684,128
9904;52,257631;245922,886166;7685662,103750;576;1323_22;1323;22;245871,296;7685661,823
9806;64,744911;245213,850704;7685195,885710;577;1323_25;1323;25;245214,539;7685130,834
9936;185,846445;244408,771664;7683798,241570;578;1323_3;1323;3;244552,122;7683678,736
10084;53,610956;245165,828909;7682953,831550;579;1323_4;1323;4;245137,175;7682998,445
9846;133,009763;244030,243032;7684351,475710;580;1323_8;1323;8;243903,173;7684388,396
9148;88,905900;243739,067178;7690786,462290;581;1324_3;1324;3;243805,962;7690726,789
10225;36,872909;245311,416839;7681585,305010;582;1326_1;1326;1;245342,296;7681606,219
10153;465,192617;246388,767546;7681730,892930;583;1326_2;1326;2;245953,923;7681566,640
10236;193,135929;245748,180636;7680915,600520;584;1326_5;1326;5;245924,100;7680833,924
9853;172,930850;252416,107975;7684671,769150;585;1329_10;1329;10;252254,832;7684610,709
9853;28,483150;251862,873836;7685166,768110;586;1329_8;1329;8;251835,196;7685163,795
9851;13,873583;249824,642768;7685894,707780;587;1330_31;1330;31;249837,225;7685887,275
9753;22,477093;249853,760321;7685181,386740;588;1330_39;1330;39;249831,963;7685181,106
9851;251,705259;249679,054841;7684642,651560;589;1330_40;1330;40;249905,124;7684530,093
9747;71,703199;250465,229676;7685254,120870;590;1330_42;1330;42;250470,023;7685182,228
5332;69,178367;243327,077723;7725902,271400;591;1332_14;1332;14;243327,766;7725832,783
5497;319,163797;243447,891377;7725145,214160;592;1332_15;1332;15;243237,220;7725384,259
5767;44,924991;242632,598927;7724517,757340;593;1332_19;1332;19;242678,231;7724517,476
5494;57,809169;242690,834083;7725229,924300;594;1332_2;1332;2;242633,689;7725229,643
5426;48,064980;244001,125517;7725203,449320;595;1332_21;1332;21;243969,483;7725167,575
5566;16,698483;243951,398752;7724591,980020;596;1332_22;1332;22;243952,087;7724608,404
5535;100,772925;243360,538615;7724562,862430;597;1332_23;1332;23;243427,523;7724486,631
5377;393,926488;244117,595868;7725552,860360;598;1332_9;1332;9;243854,023;7725844,934
9121;527,512000;249329,643805;7691601,754690;599;1333_10;1333;10;249825,749;7691783,242
9016;555,695498;250610,817621;7692154,988840;600;1333_11;1333;11;250290,897;7691700,576
9016;211,012486;250610,817621;7692154,988840;601;1333_12;1333;12;250400,738;7692143,041
5292;330,672075;240477,897547;7726076,976920;602;1334_29;1334;29;240702,799;7725833,453
8537;376,233690;245398,769629;7698094,976460;603;1335_13;1335;13;245605,907;7697779,983
8541;39,088622;245194,946390;7698515,949920;604;1335_15;1335;15;245234,739;7698515,669
8537;411,306870;245398,769634;7698240,564390;605;1335_16;1335;16;245693,713;7698527,899
8541;219,176957;245457,004809;7699259,679900;606;1335_18;1335;18;245576,366;7699075,025
8777;56,079406;234421,439487;7694746,454040;607;1337_30;1337;30;234376,735;7694779,148
8793;324,749149;233489,676720;7694222,337490;608;1337_36;1337;36;233807,649;7694152,102
8395;522,417393;238789,077481;7700744,676820;609;1338_15;1338;15;239007,888;7701219,353
8395;60,008760;238963,782997;7700540,853710;610;1338_20;1338;20;239018,824;7700515,077
8398;105,191221;239575,252316;7700525,632000;611;1338_22;1338;22;239681,178;7700525,351
6858;60,023869;254832,867718;7716176,997550;612;1340_47;1340;47;254877,630;7716135,939
6696;25,468030;255298,749102;7716118,762380;613;1340_49;1340;49;255278,720;7716133,309
7122;347,207979;255502,572207;7715216,117200;614;1340_52;1340;52;255384,516;7715542,233
6997;61,752839;256084,923942;7715623,763410;615;1340_56;1340;56;256036,985;7715585,385
6997;85,395892;256026,688774;7716206,115130;616;1340_59;1340;59;256001,070;7716287,107
9782;144,329949;243360,538545;7685021,180190;617;1341_4;1341;4;243230,633;7685082,492
9212;453,913447;253435,223504;7689994,666910;618;1343_3;1343;3;252981,838;7689994,386
7448;35,914045;252707,283892;7710615,538570;619;1347_12;1347;12;252673,384;7710624,974
8541;101,896980;252794,636649;7711227,007880;620;1347_13;1347;13;252727,191;7711150,910
8541;207,533687;253668,164242;7710353,480290;621;1347_14;1347;14;253489,458;7710457,689
8541;84,886277;253493,458726;7709858,481320;622;1347_15;1347;15;253439,723;7709923,383
8541;181,606124;252066,696980;7710033,186840;623;1347_20;1347;20;252134,811;7709864,210
7524;18,561131;252823,754234;7709881,202130;624;1347_22;1347;22;252843,010;7709880,921
8541;112,785606;251513,462838;7709043,188910;625;1347_24;1347;24;251526,089;7709155,101
8541;41,601361;252154,049741;7708489,954770;626;1347_25;1347;25;252122,867;7708516,435
8541;49,482085;251717,285939;7708526,250090;627;1347_27;1347;27;251767,474;7708525,969
7619;71,720053;252183,167322;7709247,012010;628;1347_29;1347;29;252146,767;7709185,315
8541;17,776750;252707,283877;7708405,382100;629;1347_31;1347;31;252725,755;7708405,101
8541;117,859310;253493,458687;7708429,665140;630;1347_33;1347;33;253376,246;7708429,384
7343;374,488754;249620,819707;7711605,536500;631;1347_38;1347;38;249433,060;7711929,037
7343;32,933162;249358,761426;7711354,081150;632;1347_41;1347;41;249326,504;7711353,800
8541;186,179537;252270,520091;7711372,595810;633;1347_51;1347;51;252110,074;7711278,915
10285;74,063075;226074,127231;7681265,011580;634;1349_6;1349;6;226074,816;7681338,833
10285;207,819990;226743,759115;7681090,306060;635;1349_7;1349;7;226744,448;7681297,954
5206;118,563131;241234,954802;7726717,563820;636;1366_1;1366;1;241296,801;7726615,651
5043;72,156143;241933,776881;7728027,855200;637;1366_13;1366;13;241981,067;7727972,445
5248;193,851171;241729,953767;7727299,915540;638;1366_6;1366;6;241922,508;7727327,876
8513;292,585629;223036,463169;7698415,269940;639;1374_11;1374;11;223156,417;7698147,639
8595;159,315204;223298,521449;7697250,566480;640;1374_12;1374;12;223210,677;7697382,841
8556;89,521852;223880,873171;7698094,976490;641;1374_14;1374;14;223818,748;7698158,549
8513;412,887800;223007,345580;7698531,740280;642;1375_11;1375;11;223149,639;7698919,546
8513;154,519500;222716,169715;7698589,975460;643;1375_12;1375;12;222656,786;7698732,151
9366;171,941459;226443,220775;7689301,465410;644;1376_16;1376;16;226565,777;7689179,763
9747;72,398046;251082,916851;7685370,591220;645;1377_1;1377;1;251083,605;7685442,735
9671;330,233761;250814,640720;7686011,178110;646;1377_2;1377;2;251140,215;7685951,037
9541;172,677777;251076,698992;7686768,235360;647;1377_6;1377;6;251150,184;7686611,302
9456;284,568809;251717,285908;7687496,175020;648;1377_7;1377;7;251765,460;7687215,211
8595;71,043574;223822,638004;7697367,036830;649;1379_4;1379;4;223812,772;7697437,050
9121;554,069052;248164,940346;7693174,104360;650;1381_12;1381;12;247613,538;7693124,576
8822;346,897397;247699,058966;7693902,044020;651;1381_13;1381;13;247772,949;7693562,540
10065;305,704955;238032,020203;7682575,302950;652;1383_5;1383;5;237805,731;7682370,033
8798;57,808118;225860,869049;7695387,040950;653;1384_14;1384;14;225821,137;7695428,130
9806;367,415844;243360,538550;7686156,766060;654;1385_1;1385;1;243208,959;7686491,031
9612;146,563128;244001,125452;7686389,706740;655;1385_4;1385;4;243867,588;7686448,433
8124;405,822535;214854,421380;7703860,258590;656;1386_13;1386;13;215140,368;7703570,981
8113;33,027812;215194,141058;7704267,904800;657;1386_14;1386;14;215194,830;7704234,576
9968;35,466315;250581,700022;7683710,888800;658;1394_5;1394;5;250601,838;7683680,935
7504;370,945774;236750,846436;7710062,304440;659;1396_1;1396;1;236864,561;7710415,508
7360;235,439648;237740,844373;7711146,257200;660;1396_3;1396;3;237505,987;7711145,976
9298;25,034461;249213,173459;7689359,700540;661;1397_6;1397;6;249190,820;7689369,232
8896;22,944509;252299,637645;7693698,576870;662;1398_2;1398;2;252277,373;7693698,296
8849;126,274684;251833,756261;7693581,750560;663;1398_3;1398;3;251947,304;7693524,729
8896;26,314528;253027,577310;7693086,751590;664;1398_7;1398;7;253003,199;7693078,432
6487;383,353413;256230,511879;7717793,462100;665;1399_101;1399;101;256614,681;7717793,181
6997;48,626777;256670,769065;7717108,760310;666;1399_102;1399;102;256671,457;7717157,122
6439;100,554049;257278,745005;7718302,581350;667;1399_105;1399;105;257310,801;7718397,871
6997;60,908333;258006,684666;7717021,407560;668;1399_107;1399;107;258030,491;7717077,498
6997;68,372063;257366,097764;7717691,112040;669;1399_110;1399;110;257298,967;7717699,687
6997;39,854468;257307,862587;7716992,289960;670;1399_111;1399;111;257330,462;7717025,315
9318;716,751044;232645,266697;7689126,759880;671;1404_1;1404;1;231946,322;7689283,783
9177;502,849294;232563,068560;7690349,698500;672;1405_8;1405;8;232563,758;7689846,325
9318;100,692615;232645,266697;7689126,759880;673;1406_8;1406;8;232625,228;7689225,065
10308;377,685832;228423,216639;7680420,601570;674;1407_1;1407;1;228740,855;7680626,076
10303;78,050156;229442,332170;7680595,307090;675;1407_5;1407;5;229393,840;7680655,683
10149;458,208953;228728,691607;7681789,128130;676;1407_6;1407;6;228729,381;7681330,405
10122;50,226797;228685,274922;7682005,787730;677;1407_8;1407;8;228736,216;7682005,507
9247;168,863267;241322,307496;7689854,699530;678;1410_66;1410;66;241201,412;7689971,707
9990;41,186486;239942,373573;7683536,183290;679;1412_2;1412;2;239943,062;7683577,107
9989;47,294035;239281,563553;7683565,300890;680;1413_1;1413;1;239282,252;7683612,335
10052;153,034949;240041,133672;7684497,063640;681;1413_4;1413;4;239959,259;7684367,851
10285;52,073898;232674,384280;7683419,712960;682;1414_16;1414;16;232664,289;7683470,403
9806;100,312300;244554,359592;7685836,472610;683;1416_1;1416;1;244577,020;7685934,110
9177;149,514982;233780,852582;7690669,991960;684;1417_2;1417;2;233874,789;7690552,746
9927;101,406532;247990,234816;7683740,006390;685;1420_3;1420;3;247891,642;7683760,570
9366;391,820512;225715,281107;7688631,760920;686;1421_34;1421;34;225967,115;7688330,462
9366;160,264326;225860,869038;7689039,407130;687;1421_39;1421;39;226004,262;7688966,001
9250;145,175334;225860,869040;7689796,464370;688;1421_4;1421;4;225948,950;7689680,163
8941;12,390330;255619,042518;7694432,254880;689;1422_11;1422;11;255607,336;7694431,974
8748;5,287301;254803,750097;7694981,440890;690;1422_13;1422;13;254799,149;7694981,160
8953;193,231516;229063,803563;7693174,104390;691;1430_3;1430;3;229196,936;7693314,660
10926;78,928849;238701,724685;7678026,004670;692;1433_32;1433;32;238781,377;7678025,724
10606;144,190457;239575,252281;7677858,253960;693;1433_34;1433;34;239431,888;7677850,361
10731;127,373691;239429,664345;7677188,549480;694;1433_39;1433;39;239322,380;7677255,946
9120;177,261899;223094,698324;7691104,490890;695;1434_14;1434;14;223272,746;7691104,210
10628;41,194025;245311,922705;7680100,308100;696;1437_2;1437;2;245312,611;7680141,238
8963;176,593156;223735,285230;7692504,399910;697;1439_16;1439;16;223911,560;7692523,831
9009;165,825293;224667,048001;7692679,105420;698;1439_22;1439;22;224617,511;7692520,695
8317;678,050895;218348,531747;7701268,793400;699;1440_1;1440;1;217948,703;7700720,905
8419;219,515579;219047,353824;7699929,384430;700;1441_10;1441;10;218864,879;7700050,321
8412;521,643645;218028,238296;7699929,384440;701;1441_9;1441;9;218484,616;7700183,615
9121;184,871259;250960,228659;7694251,455050;702;1450_1;1450;1;250825,251;7694125,487
9121;124,191588;250785,523147;7693669,103330;703;1450_2;1450;2;250855,286;7693772,087
8810;78,193282;250523,464861;7693960,279180;704;1450_3;1450;3;250476,162;7693898,228
10265;294,852963;238352,313650;7680711,777420;705;1452_2;1452;2;238622,430;7680831,598
10416;261,640442;237857,314675;7679488,838800;706;1452_27;1452;27;238020,713;7679283,515
10265;60,222581;238148,490537;7680595,307080;707;1452_4;1452;4;238090,403;7680581,783
10926;211,660493;238061,137773;7678032,959480;708;1452_58;1452;58;237918,092;7677877,177
6466;543,557050;232907,325035;7717865,817590;709;1453_28;1453;28;232731,966;7717351,001
6466;394,964557;233373,206418;7717778,464830;710;1453_32;1453;32;233412,507;7717384,921
6801;35,978332;234042,910895;7717297,554250;711;1453_34;1453;34;234007,604;7717297,273
9414;42,832746;220648,821056;7688224,114720;712;1456_3;1456;3;220684,218;7688198,693
8601;60,354912;215873,536889;7698007,623730;713;1459_1;1459;1;215896,241;7698063,578
8601;98,610124;216455,888620;7697920,270980;714;1459_2;1459;2;216466,564;7697821,828
8534;262,366437;217242,063456;7698182,329250;715;1459_3;1459;3;217073,884;7697981,049
2315;201,874273;254483,456735;7748060,754580;716;1460_103;1460;103;254320,336;7748178,575
2256;152,248711;254075,810514;7747187,226990;717;1460_104;1460;104;254221,500;7747233,532
2540;191,283436;252823,754295;7745265,466290;718;1460_16;1460;16;252914,787;7745096,504
2540;35,419280;253035,837012;7745789,582850;719;1460_22;1460;22;253036,525;7745824,733
1952;105,339557;252736,401535;7749371,045970;720;1460_33;1460;33;252763,308;7749268,701
2090;204,313240;252794,636715;7748468,400790;721;1460_35;1460;35;252847,542;7748665,722
2086;75,106813;253558,401025;7748555,753550;722;1460_42;1460;42;253559,089;7748630,605
1969;14,319608;254774,632594;7749428,298720;723;1460_46;1460;46;254760,996;7749428,017
2048;148,350170;254221,398455;7748672,223890;724;1460_48;1460;48;254123,778;7748783,111
9366;273,936426;226605,315026;7689476,170930;725;1462_24;1462;24;226606,004;7689749,970
9185;180,404103;231072,917033;7690437,051270;726;1463_4;1463;4;231228,511;7690529,410
9366;411,754000;225365,870074;7689330,583000;727;1465_7;1465;7;225287,872;7689734,691
9072;350,060676;227229,395616;7691456,166800;728;1466_3;1466;3;227194,487;7691107,457
6173;44,710170;259975,391160;7720340,812390;729;1467_35;1467;35;259976,079;7720295,807
6308;98,885980;259509,501121;7719583,755150;730;1467_37;1467;37;259510,189;7719682,391
6360;45,714216;260044,915732;7719816,695830;731;1467_38;1467;38;260002,498;7719831,679
6360;19,902745;260384,520175;7719991,401360;732;1467_40;1467;40;260385,208;7720011,029
10294;204,729679;245777,298222;7680420,601550;733;1469_2;1469;2;245812,672;7680218,468
11345;170,964590;275822,719480;7672704,441140;734;1476_18;1476;18;275823,407;7672875,163
11266;65,191080;276525,469742;7672966,499410;735;1476_20;1476;20;276486,485;7672914,471
10974;122,358049;245457,004760;7675412,376700;736;1477_5;1477;5;245576,580;7675382,952
10877;199,689055;245660,827871;7676023,846010;737;1477_7;1477;7;245461,770;7676026,583
2217;94,921317;250843,758405;7747827,813890;738;1483_10;1483;10;250925,671;7747876,718
2142;176,487291;252270,520147;7748002,519410;739;1483_13;1483;13;252119,522;7747911,897
2270;380,392544;251338,757377;7747158,109400;740;1484_7;1484;7;251683,508;7747320,384
2425;151,086898;251542,580477;7746342,816990;741;1484_9;1484;9;251580,198;7746489,096
2291;206,357170;255619,042608;7747187,226990;742;1485_14;1485;14;255821,125;7747141,643
2535;353,261389;256609,040556;7745323,701470;743;1485_3;1485;3;256275,798;7745207,803
2132;9,892998;255560,807439;7748659,327700;744;1485_30;1485;30;255551,599;7748659,046
2132;87,438808;255473,454656;7747955,145700;745;1485_36;1485;36;255561,611;7747954,864
2504;49,249761;255531,689851;7746546,640090;746;1485_8;1485;8;255581,644;7746546,498
2471;158,775647;250465,229782;7747128,991820;747;1486_1;1486;1;250340,425;7747226,075
2661;95,750083;249154,938385;7747099,874230;748;1486_10;1486;10;249161,460;7747195,201
2217;223,804562;250523,464951;7747856,931480;749;1486_3;1486;3;250377,527;7748025,843
2156;46,754586;249591,702187;7747915,166660;750;1486_4;1486;4;249584,265;7747868,824
2135;148,083575;248935,397846;7748002,519410;751;1486_8;1486;8;248936,086;7747854,098
9955;271,184309;252561,695911;7683448,830520;752;1495_10;1495;10;252548,702;7683177,614
11253;377,706165;253231,400398;7682691,773270;753;1495_11;1495;11;253054,249;7683024,863
10038;237,639730;251804,638655;7683303,242590;754;1496_4;1496;4;252028,906;7683222,180
6132;165,232802;257831,979149;7720835,811360;755;1498_1;1498;1;257887,264;7720991,539
6262;108,031313;258152,272602;7719729,343080;756;1498_12;1498;12;258070,541;7719798,957
6308;22,243475;258619,139122;7719758,460670;757;1498_13;1498;13;258619,827;7719780,430
6132;97,766909;257861,096741;7720573,753090;758;1498_4;1498;4;257943,625;7720519,930
6136;50,759433;258414,330885;7721010,516880;759;1498_5;1498;5;258384,524;7720969,637
9853;226,863187;255851,983204;7684759,121900;760;1499_2;1499;2;255843,956;7684532,069
11253;190,927914;256172,276651;7684147,652580;761;1499_4;1499;4;256253,686;7684320,467
11253;41,404129;256568,401005;7684060,299830;762;1499_5;1499;5;256569,089;7684101,437
9043;34,578087;226064,692154;7691718,225080;763;1500_8;1500;8;226086,495;7691690,538
9069;403,964182;226443,220776;7691310,578870;764;1500_9;1500;9;226087,923;7691118,902
8585;376,329873;226850,867001;7697192,331310;765;1503_1;1503;1;227115,627;7696923,651
9216;31,184744;244525,242016;7690815,579870;766;1507_14;1507;14;244553,190;7690830,471
9216;39,646574;245113,099718;7690786,462280;767;1507_15;1507;15;245113,788;7690825,844
11200;448,915362;262374,322594;7673723,556670;768;1508_2;1508;2;262583,724;7673325,679
9331;136,743661;233431,441538;7689272,347810;769;1510_1;1510;1;233349,765;7689162,830
10285;46,636318;231276,740118;7682546,185380;770;1511_6;1511;6;231289,586;7682500,857
10285;239,633733;231597,033572;7682022,068810;771;1511_7;1511;7;231364,563;7682077,623
9855;7,484417;232150,267721;7684147,652610;772;1513_3;1513;3;232158,003;7684144,839
2387;197,320960;254716,397427;7746488,404920;773;1515_3;1515;3;254912,935;7746512,724
2504;58,035746;254853,311060;7745847,818020;774;1515_5;1515;5;254853,999;7745905,592
2411;89,123290;254308,751213;7746488,404920;775;1515_6;1515;6;254235,429;7746537,832
2442;50,770439;254250,516027;7745846,329650;776;1515_7;1515;7;254301,992;7745846,048
6327;223,194052;222192,053202;7719816,695890;777;1521_6;1521;6;222127,846;7720030,095
9513;178,175974;221434,995890;7687059,411270;778;1526_14;1526;14;221364,121;7686895,849
9331;69,300533;238468,784015;7694979,394720;779;1527_12;1527;12;238446,535;7695044,541
2897;5,389952;256230,200099;7743605,763870;780;1528_10;1528;10;256230,888;7743610,874
2897;59,777562;255682,610073;7743605,763870;781;1528_11;1528;11;255683,298;7743665,280
2651;114,264625;256754,628481;7744450,173870;782;1528_9;1528;9;256736,591;7744337,134
2056;32,944889;251455,227731;7749516,633900;783;1529_19;1529;19;251453,441;7749549,216
1825;182,373722;253347,870854;7750040,750440;784;1529_2;1529;2;253529,301;7750015,653
2056;55,889271;250931,111168;7749341,928380;785;1529_20;1529;20;250906,710;7749391,611
1861;47,755155;250931,111173;7749953,397700;786;1529_25;1529;25;250902,017;7749990,469
1807;74,829930;251134,934279;7750427,516740;787;1529_26;1529;26;251060,765;7750427,235
1861;30,852481;251508,429983;7750069,868040;788;1529_27;1529;27;251509,118;7750100,450
1774;69,790880;251659,050831;7750681,337350;789;1529_29;1529;29;251600,714;7750643,768
1850;35,472729;254104,928107;7750032,105720;790;1529_3;1529;3;254070,131;7750031,824
1825;241,102360;253114,930163;7750040,750450;791;1529_6;1529;6;252874,682;7750029,455
1774;83,933795;252649,048780;7750506,631830;792;1529_9;1529;9;252729,015;7750478,694
9943;95,945118;231888,209442;7683574,495750;793;1533_5;1533;5;231984,890;7683574,215
1937;148,474145;256317,864691;7749458,398710;794;1539_1;1539;1;256300,124;7749310,741
6536;255,366573;244234,066197;7717283,465840;795;1546_1;1546;1;244071,539;7717479,720
8541;103,498416;248038,606806;7717661,994470;796;1546_108;1546;108;248039,295;7717558,175
6582;35,218206;243986,551734;7716788,466880;797;1546_60;1546;60;243987,240;7716752,953
6742;36,030168;244001,125501;7715885,821700;798;1546_65;1546;65;244023,742;7715914,148
6883;143,009351;245311,416896;7716671,996530;799;1546_73;1546;73;245268,981;7716808,128
6504;11,675087;246738,178645;7717574,641710;800;1546_79;1546;79;246748,408;7717581,097
6742;219,902983;243273,185842;7717312,583430;801;1546_95;1546;95;243466,890;7717417,859
6223;334,557768;243651,714472;7719816,695860;802;1548_10;1548;10;243373,832;7719630,889
6185;48,851449;243360,538605;7720224,342070;803;1548_15;1548;15;243350,238;7720271,681
6235;73,758497;244146,713437;7719709,220250;804;1548_26;1548;26;244073,613;7719708,939
9331;117,804723;234654,380174;7689825,581950;805;1551_4;1551;4;234549,632;7689877,971
9433;570,016945;226850,866976;7687816,468500;806;1553_1;1553;1;226629,045;7688341,305
9428;49,817978;227171,160437;7687874,703670;807;1553_3;1553;3;227127,940;7687898,011
9428;307,889027;227345,865951;7688049,409200;808;1553_4;1553;4;227290,971;7688352,121
8541;111,227382;255402,589991;7712624,652020;809;1554_17;1554;17;255403,278;7712735,636
8541;23,414599;254716,397361;7712726,312160;810;1554_20;1554;20;254740,508;7712726,031
8541;28,854049;254941,678008;7712187,888220;811;1554_21;1554;21;254942,366;7712216,471
7241;216,503722;256143,159113;7712187,888220;812;1554_22;1554;22;255932,524;7712235,019
7241;19,452884;256143,159113;7712624,652020;813;1554_23;1554;23;256125,252;7712630,106
9366;71,146641;227229,395613;7689679,994030;814;1555_19;1555;19;227301,102;7689674,856
9242;36,947563;227840,864915;7689681,231850;815;1555_21;1555;21;227804,587;7689680,951
9316;64,795194;227840,864911;7689079,600830;816;1555_25;1555;25;227776,725;7689079,320
9359;227,049318;221143,820025;7689476,170930;817;1558_5;1558;5;221310,578;7689630,907
9492;30,096332;221871,759689;7689650,876450;818;1558_7;1558;7;221853,119;7689673,686
9183;440,151260;232004,679796;7690291,463330;819;1570_4;1570;4;231957,008;7689853,480
9868;274,766644;221143,820022;7684118,535050;820;1571_1;1571;1;221404,084;7684027,689
10285;0,000000;227319,102284;7682418,085740;821;1572_12;1572;12;227319,791;7682417,805
10154;67,820196;226732,204249;7681934,716060;822;1573_7;1573;7;226732,893;7682002,291
10124;36,111633;227465,099278;7681934,716060;823;1573_8;1573;8;227465,788;7681898,305
9291;293,249733;220590,585885;7689476,170940;824;1574_3;1574;3;220761,960;7689714,551
8798;74,332627;226414,103207;7699579,973380;825;1578_1;1578;1;226340,560;7699575,135
8480;179,947399;225074,694226;7699055,856830;826;1578_10;1578;10;225131,870;7698884,623
8674;283,650182;226734,396654;7698852,033720;827;1578_3;1578;3;226456,569;7698906,254
9044;261,212836;234508,792246;7691718,225070;828;1579_1;1579;1;234336,933;7691914,219
10408;629,387019;240594,367812;7679343,250860;829;1583_2;1583;2;240686,103;7678719,929
10732;383,434021;240332,309530;7677800,018790;830;1583_7;1583;7;240494,998;7678147,452
9492;244,336057;221376,760718;7687962,056450;831;1588_1;1588;1;221269,345;7688181,048
6419;297,062198;255706,395324;7718273,463770;832;1590_12;1590;12;255984,831;7718378,831
6419;66,543808;255502,572220;7718360,816520;833;1590_15;1590;15;255509,590;7718426,800
6539;184,639786;255415,219457;7717108,760320;834;1590_2;1590;2;255237,530;7717060,557
6858;28,680721;256632,893067;7718855,815490;835;1590_4;1590;4;256633,581;7718826,844
6439;283,744299;256929,333956;7718419,051700;836;1590_5;1590;5;256647,817;7718388,364
9853;361,377011;252183,167287;7685923,825360;837;1592_34;1592;34;251822,409;7685916,917
10417;320,149274;251222,286916;7679983,837750;838;1593_10;1593;10;251437,685;7680221,191
9803;105,172093;257744,626339;7685254,120860;839;1594_50;1594;50;257798,110;7685344,840
9745;431,033292;258880,212217;7685312,356030;840;1594_52;1594;52;258449,735;7685309,799
9765;112,005792;259142,270496;7685225,003280;841;1594_55;1594;55;259253,678;7685207,564
11253;53,529739;259653,818089;7685225,003280;842;1594_56;1594;56;259654,506;7685171,176
9692;60,249620;259753,739810;7686098,530870;843;1594_59;1594;59;259704,072;7686131,365
9603;65,506381;259025,800152;7686739,117760;844;1594_61;1594;61;259091,077;7686727,788
9692;431,851050;259520,799119;7685923,825350;845;1594_66;1594;66;259101,241;7686023,577
9581;664,767263;258734,624284;7686593,529840;846;1594_69;1594;69;258457,733;7685988,974
8361;266,885657;229267,626688;7703074,083740;847;1596_13;1596;13;229023,841;7703181,192
8167;276,472951;228371,525070;7703510,847540;848;1596_24;1596;24;228372,214;7703233,952
8167;0,000000;227722,061335;7703765,856060;849;1596_25;1596;25;227722,750;7703765,575
8245;374,447954;228015,570470;7702404,379260;850;1596_3;1596;3;228386,691;7702460,093
6997;284,959960;259054,917786;7716934,054790;851;1597_4;1597;4;259313,255;7717055,718
2015;192,229985;256841,981249;7748759,576650;852;1604_1;1604;1;256790,718;7748574,152
2238;100,306963;256812,863662;7748089,872160;853;1604_2;1604;2;256895,784;7748147,088
9794;175,512920;234508,792234;7685050,297790;854;1605_1;1605;1;234606,493;7684903,653
8588;65,235243;220444,997968;7699492,620640;855;1606_23;1606;23;220497,024;7699452,029
9692;73,738124;257773,743928;7690291,463310;856;1608_51;1608;51;257759,522;7690218,943
9692;37,352887;258385,213250;7689563,523650;857;1608_54;1608;54;258352,784;7689545,940
11253;271,939570;253906,751712;7683740,006380;858;1610_15;1610;15;253907,440;7684011,760
9825;59,238542;253364,866912;7684322,358110;859;1610_18;1610;18;253365,555;7684262,818
9825;329,853454;253406,105924;7684409,710870;860;1610_20;1610;20;253736,590;7684420,116
8638;506,834493;258239,625320;7696377,038840;861;1612_38;1612;38;258297,123;7695872,953
8733;162,188915;258851,094642;7695066,747460;862;1612_39;1612;39;258969,340;7695178,280
5306;63,600034;230694,388480;7728581,089360;863;1621_1;1621;1;230728,280;7728635,090
5241;142,109896;231946,444697;7727765,796940;864;1621_20;1621;20;231941,888;7727907,598
5241;57,234735;231888,209526;7727183,445220;865;1621_22;1621;22;231932,853;7727219,865
5306;57,317353;231422,328143;7729076,088330;866;1621_24;1621;24;231455,268;7729028,390
5306;40,164052;231247,622621;7728644,218430;867;1621_27;1621;27;231288,495;7728643,937
5306;197,851048;231771,739182;7728493,736600;868;1621_29;1621;29;231949,141;7728582,650
5179;147,756296;232557,914012;7727940,502450;869;1621_30;1621;30;232412,008;7727959,277
5306;165,953507;231364,092970;7727998,737630;870;1621_9;1621;9;231307,096;7727842,764
6861;66,877830;259171,388126;7715022,063190;871;1622_1;1622;1;259238,975;7715021,782
6811;380,286161;260277,856416;7715186,999610;872;1622_10;1622;10;260012,619;7714914,705
6697;125,154139;260703,792129;7715944,056850;873;1622_11;1622;11;260704,480;7715818,583
6977;189,860036;261413,442304;7715507,293060;874;1622_13;1622;13;261302,232;7715660,464
6977;38,026613;260074,033315;7714226,119260;875;1622_5;1622;5;260109,490;7714241,267
6977;36,440954;260572,694162;7714808,470990;876;1622_6;1622;6;260573,382;7714844,642
5906;59,263827;258035,802256;7722000,514810;877;1624_3;1624;3;257979,364;7722016,079
9370;84,987070;256288,747004;7689476,170890;878;1625_1;1625;1;256301,700;7689391,764
9578;85,917816;257074,921846;7686622,647420;879;1625_13;1625;13;256989,772;7686618,053
9853;71,479047;255793,748029;7687845,586050;880;1625_6;1625;6;255799,193;7687916,650
9473;25,393436;256405,217351;7687292,351910;881;1625_8;1625;8;256407,195;7687266,702
6742;139,959424;242865,539635;7717429,053780;882;1626_16;1626;16;242735,322;7717478,458
6222;299,183512;241846,424106;7719816,695860;883;1626_21;1626;21;242020,440;7719572,398
6370;262,819199;241933,776865;7718710,227580;884;1626_23;1626;23;242071,843;7718934,133
5241;128,927234;230548,800541;7727736,679360;885;1627_2;1627;2;230655,918;7727809,279
9013;34,080784;241933,776812;7692154,988850;886;1632_25;1632;25;241968,560;7692154,867
9034;7,982606;241126,515622;7692999,398850;887;1632_30;1632;30;241127,204;7693007,104
9128;229,147961;242603,481303;7691164,990910;888;1632_37;1632;37;242477,025;7691355,464
9331;64,731610;237158,492622;7692067,636090;889;1633_1;1633;1;237200,067;7692117,578
9331;407,828721;238061,137798;7691514,401950;890;1633_12;1633;12;238453,880;7691401,131
9081;117,086913;239225,841259;7691397,931600;891;1633_15;1633;15;239136,083;7691323,214
8992;102,506319;237886,432279;7692125,871260;892;1633_2;1633;2;237826,261;7692043,049
9014;237,298521;238789,077463;7692075,774960;893;1633_22;1633;22;238552,362;7692075,494
9331;27,734193;237199,808532;7692591,752640;894;1633_23;1633;23;237200,497;7692563,725
9331;95,698618;238031,550523;7691485,284370;895;1633_4;1633;4;238032,239;7691389,262
8675;308,516702;241467,895433;7695765,569550;896;1634_17;1634;17;241744,088;7695626,145
8702;718,902117;242224,952682;7695503,511270;897;1634_21;1634;21;241812,043;7694914,848
8702;543,407586;242457,893375;7695474,393690;898;1634_24;1634;24;242417,060;7694932,065
6481;247,490718;259549,916755;7717720,828230;899;1635_1;1635;1;259798,173;7717720,547
4247;20,948329;242516,128619;7733682,165490;900;1636_6;1636;6;242537,774;7733681,884
4234;3,591252;243156,715496;7733686,383490;901;1636_7;1636;7;243153,811;7733686,102
6929;145,424769;246709,061054;7714488,177560;902;1637_2;1637;2;246841,384;7714549,842
6883;304,273991;247378,765545;7714662,883070;903;1637_3;1637;3;247683,536;7714648,874
6840;276,888077;247902,882108;7714954,058940;904;1638_1;1638;1;248081,216;7714741,250
9071;95,059461;247174,942402;7692154,988830;905;1640_3;1640;3;247259,062;7692109,073
6094;214,764977;234508,792295;7720864,928980;906;1642_11;1642;11;234723,982;7720877,163
6022;0,498840;235316,532534;7721680,221390;907;1642_4;1642;4;235317,221;7721679,441
8015;112,256842;227083,807706;7705345,255470;908;1647_1;1647;1;227016,042;7705255,931
8139;323,306829;226734,396670;7704413,492710;909;1647_10;1647;10;227027,459;7704551,610
7625;67,721464;221609,701449;7709130,541710;910;1649_2;1649;2;221550,915;7709097,795
7615;215,135153;222104,700425;7709334,364810;911;1649_4;1649;4;222308,222;7709406,148
7086;44,783494;248164,940382;7713265,238930;912;1650_12;1650;12;248122,852;7713278,272
6993;62,859716;248135,822791;7713993,178590;913;1650_7;1650;7;248091,703;7714037,018
6801;33,844937;234072,028479;7715939,737230;914;1656_14;1656;14;234038,856;7715939,456
6801;27,466454;234188,498832;7715361,705160;915;1656_16;1656;16;234208,416;7715381,055
6801;103,966499;233577,029520;7715944,056890;916;1656_7;1656;7;233475,168;7715926,373
6801;70,626869;233751,735002;7715286,598240;917;1656_9;1656;9;233681,763;7715286,317
6650;39,448361;238789,077512;7716701,114120;918;1657_1;1657;1;238809,456;7716735,036
6627;50,221127;239400,546831;7716640,336230;919;1657_2;1657;2;239350,992;7716640,055
6642;119,665910;233402,323996;7716497,291040;920;1658_18;1658;18;233492,730;7716576,284
6801;92,134490;234130,263665;7716703,240250;921;1658_3;1658;3;234038,774;7716702,959
8426;342,402701;227433,218731;7699725,561310;922;1661_11;1661;11;227107,471;7699621,354
8798;74,342485;225742,893265;7700249,677870;923;1661_2;1661;2;225743,582;7700175,015
8407;198,472931;226559,691140;7700162,325110;924;1661_6;1661;6;226433,629;7700314,907
8674;629,852661;227374,983550;7696027,627850;925;1662_13;1662;13;227165,654;7695433,193
8798;443,585314;226152,044911;7694698,596860;926;1662_15;1662;15;226596,552;7694698,316
8844;76,412607;226495,634259;7693960,279220;927;1662_16;1662;16;226496,323;7694036,451
8952;54,292649;225860,869048;7693144,986800;928;1662_20;1662;20;225895,473;7693187,139
8933;38,095667;226676,161467;7692795,575760;929;1662_4;1662;4;226708,546;7692816,465
8674;499,843911;227957,335279;7695911,157500;930;1663_16;1663;16;227810,190;7695433,125
8776;130,712941;227374,983549;7694600,866120;931;1663_27;1663;27;227275,000;7694684,064
8953;414,109614;227782,629759;7693552,633010;932;1663_29;1663;29;227859,896;7693959,537
8953;52,419908;227287,630788;7693931,161640;933;1663_33;1663;33;227318,280;7693973,928
8953;35,763434;227957,335279;7693465,280250;934;1663_34;1663;34;227982,494;7693491,106
8953;213,523206;228568,804591;7694018,514390;935;1663_35;1663;35;228460,800;7693834,319
6939;463,652857;243011,127558;7714662,883080;936;1666_1;1666;1;243472,035;7714720,487
6810;37,640809;243968,021734;7715128,764450;937;1667_1;1667;1;243968,710;7715090,827
6990;316,970656;244408,771717;7714546,412730;938;1667_2;1667;2;244108,424;7714645,780
6990;161,512316;244758,182754;7714575,530320;939;1667_3;1667;3;244821,887;7714724,032
6780;17,107612;244729,065169;7715361,705140;940;1667_4;1667;4;244744,910;7715353,475
8463;612,745605;215553,243444;7699259,679950;941;1673_12;1673;12;215828,370;7698711,137
8511;227,325710;216747,064473;7698788,288900;942;1673_16;1673;16;216520,293;7698788,008
7839;249,866346;226297,632876;7707179,663420;943;1674_15;1674;15;226325,938;7707427,850
7964;68,929270;226355,868053;7708111,426180;944;1674_2;1674;2;226307,702;7708062,468
7839;595,619521;226297,632871;7707092,310660;945;1674_22;1674;22;226402,423;7706505,260
7964;365,115323;227200,278056;7706364,371000;946;1674_29;1674;29;226993,219;7706664,571
7964;43,215204;226996,454952;7705985,842370;947;1674_32;1674;32;226960,206;7706008,036
7964;56,921299;225598,810801;7707347,658130;948;1674_8;1674;8;225656,451;7707347,377
8899;67,895907;235064,015466;7693465,280240;949;1676_3;1676;3;235064,704;7693532,927
8911;14,763694;234503,698473;7693465,280240;950;1676_7;1676;7;234504,387;7693479,770
8480;40,844215;225092,877262;7699609,090970;951;1677_7;1677;7;225093,566;7699649,676
9904;0,000000;247210,937760;7684439,156740;952;1678_1;1678;1;247211,626;7684438,876
2594;8,540895;251717,285997;7745033,255650;953;1680_1;1680;1;251726,518;7745032,974
8702;140,765941;244204,948579;7696726,449900;954;1681_10;1681;10;244301,271;7696622,799
8702;210,150561;244758,182724;7697745,565420;955;1681_8;1681;8;244916,435;7697606,099
8702;156,029815;244379,654093;7697017,625760;956;1681_9;1681;9;244528,950;7696969,586
9121;58,160998;249067,585535;7692912,046090;957;1683_6;1683;6;249121,793;7692888,941
9121;44,521708;249237,835819;7692329,694360;958;1683_8;1683;8;249238,524;7692373,952
9283;319,571655;252794,636609;7689505,288480;959;1684_2;1684;2;253106,913;7689576,500
11250;99,339228;273206,064858;7674160,320460;960;1685_2;1685;2;273159,682;7674247,546
11169;84,018834;272623,713117;7674043,850110;961;1685_3;1685;3;272679,654;7674106,891
8604;242,316711;247349,647925;7697035,299950;962;1687_1;1687;1;247107,925;7697035,019
8584;144,451043;247582,588620;7697687,330240;963;1687_2;1687;2;247567,459;7697830,688
9121;160,093241;247058,472069;7698036,741280;964;1687_3;1687;3;247183,576;7697935,611
8453;404,832469;215990,007243;7699550,855820;965;1693_4;1693;4;215877,639;7699939,552
8406;172,733383;216688,829316;7700016,737200;966;1693_6;1693;6;216517,325;7700001,567
9009;49,945763;225212,654239;7692533,517500;967;1695_1;1695;1;225213,343;7692583,209
8895;267,293544;224783,518346;7693221,738820;968;1698_3;1698;3;224516,770;7693221,458
8798;284,917080;226064,692161;7694164,102330;969;1699_1;1699;1;225933,189;7693911,257
8700;443,067517;244699,947548;7695567,954970;970;1702_10;1702;10;244257,388;7695567,674
8715;327,072373;243477,008910;7695124,982650;971;1702_16;1702;16;243741,618;7694931,284
8702;17,164828;242370,540622;7695507,182920;972;1702_19;1702;19;242388,401;7695506,902
8832;671,741124;241875,541641;7693843,808850;973;1702_2;1702;2;242446,160;7694199,613
8715;305,539178;243273,185804;7695474,393690;974;1702_20;1702;20;243573,817;7695532,983
8700;668,406887;244699,947549;7695561,746440;975;1702_60;1702;60;244403,411;7694962,476
8702;86,506199;243127,597871;7695619,981610;976;1702_77;1702;77;243044,336;7695598,679
8715;77,534332;243214,950627;7695154,100230;977;1702_78;1702;78;243173,581;7695088,645
9591;179,262584;242050,247152;7686447,941930;978;1704_1;1704;1;241872,076;7686434,564
9303;20,192431;241933,776808;7689184,995040;979;1705_1;1705;1;241954,470;7689181,906
8695;677,407991;222424,993851;7696056,745440;980;1706_12;1706;12;222517,379;7696728,015
8695;45,088302;222483,229018;7696023,950970;981;1706_16;1706;16;222529,031;7696023,670
8570;151,384411;222279,405914;7697454,389590;982;1706_23;1706;23;222397,875;7697358,870
8620;360,977882;221493,231068;7696717,327940;983;1706_25;1706;25;221855,099;7696717,047
8513;365,927560;222512,346610;7698502,622690;984;1706_28;1706;28;222494,085;7698136,703
8699;309,404370;223385,874202;7695794,687170;985;1706_9;1706;9;223191,280;7696034,615
6229;26,751690;270556,364526;7719991,401340;986;1707_3;1707;3;270565,577;7719965,756
5857;131,274725;271779,303174;7722233,455490;987;1708_15;1708;15;271848,525;7722121,172
6493;184,491042;272652,830734;7722791,883280;988;1708_3;1708;3;272468,983;7722791,602
6001;261,817155;272419,890081;7721884,044460;989;1708_6;1708;6;272449,868;7722144,000
8789;64,936511;252852,871793;7694455,278150;990;1713_65;1713;65;252888,447;7694400,201
8833;19,451835;254279,633531;7693735,701870;991;1713_71;1713;71;254260,863;7693735,421
9121;154,325952;254250,515953;7694688,218840;992;1713_72;1713;72;254404,628;7694670,790
9121;22,236085;254567,792978;7695124,982630;993;1713_73;1713;73;254568,481;7695102,458
2504;355,832390;254745,154683;7745760,465260;994;1714_5;1714;5;254745,843;7745404,229
2692;36,668308;254949,338108;7744450,173870;995;1714_7;1714;7;254934,944;7744483,329
2878;52,149047;254280,255039;7743896,939740;996;1715_2;1715;2;254280,943;7743844,491
2852;167,285758;254803,750181;7743052,529740;997;1716_13;1716;13;254967,831;7743016,103
2897;101,233814;255065,808455;7743634,881460;998;1716_14;1716;14;254981,079;7743688,998
2878;58,615690;254250,516028;7743052,529730;999;1716_7;1716;7;254301,665;7743022,384
9121;36,175343;246356,635765;7698648,210600;1000;1717_11;1717;11;246357,324;7698611,740
9121;31,727681;246359,649986;7697888,725940;1001;1717_12;1717;12;246328,598;7697888,445
8700;76,272239;245631,710317;7696347,921270;1002;1717_18;1717;18;245582,146;7696405,058
9121;231,106826;245922,886190;7697134,096100;1003;1717_20;1717;20;245695,593;7697095,378
8702;717,005047;244496,124439;7697308,801630;1004;1717_23;1717;23;245136,550;7696984,100
9121;283,448437;256288,747018;7695561,746430;1005;1719_17;1719;17;256310,834;7695844,200
9121;270,941697;255648,160112;7695532,628850;1006;1719_19;1719;19;255692,853;7695799,785
9121;89,014857;254978,455623;7695736,451950;1007;1719_22;1719;22;254986,631;7695824,901
7748;434,257648;230519,682919;7708286,131690;1008;1720_3;1720;3;230279,543;7708647,471
7676;271,264824;229413,214635;7708810,248250;1009;1720_6;1720;6;229603,280;7708615,557
7964;15,915150;229063,803590;7708552,108130;1010;1720_7;1720;7;229048,569;7708551,827
10214;130,923976;215524,125824;7682313,244700;1011;1724_59;1724;59;215487,236;7682438,461
10002;268,850333;215990,007205;7683128,537120;1012;1724_64;1724;64;216259,447;7683140,075
9220;86,327990;250610,817617;7690116,757790;1013;1725_1;1725;1;250665,301;7690184,035
9283;240,687732;251921,109010;7690320,580890;1014;1725_3;1725;3;251759,625;7690142,332
9402;495,630410;252183,167291;7689097,642270;1015;1725_6;1725;6;251848,979;7689462,990
9380;328,334447;252037,579357;7688427,937780;1016;1725_8;1725;8;251772,318;7688620,406
9402;18,916141;252649,048676;7688107,644330;1017;1725_9;1725;9;252664,644;7688119,019
8463;81,581177;215844,419313;7699434,385470;1018;1726_4;1726;4;215896,023;7699370,299
8483;180,869418;216601,476553;7699434,385470;1019;1727_8;1727;8;216450,797;7699533,302
9154;498,244386;248543,468973;7690582,639180;1020;1728_2;1728;2;248450,135;7690092,872
9241;379,353653;249533,466907;7690029,405040;1021;1728_3;1728;3;249155,011;7690045,475
8541;78,413579;252852,871827;7714517,295130;1022;1729_2;1729;2;252919,443;7714559,587
9270;91,294030;241205,837152;7690728,227110;1023;1730_1;1730;1;241156,203;7690651,727
9239;54,628683;240419,662285;7689965,999840;1024;1730_5;1730;5;240475,003;7689965,719
9371;523,393437;214301,187206;7688544,408190;1025;1731_3;1731;3;214741,855;7688828,191
8839;87,923186;223123,815910;7693790,884930;1026;1732_14;1732;14;223212,476;7693790,604
9331;132,773763;239116,704519;7694309,690240;1027;1733_4;1733;4;239117,393;7694176,577
9331;1,646262;238369,953566;7694193,219890;1028;1734_10;1734;10;238370,642;7694191,292
9331;41,507819;237828,197111;7694134,984720;1029;1734_6;1734;6;237793,179;7694155,905
10127;238,247730;221580,583814;7683099,419530;1030;1735_10;1735;10;221471,545;7683310,764
10127;46,166706;221492,265140;7682837,361250;1031;1735_11;1735;11;221492,954;7682883,273
9933;399,859341;221813,524512;7683710,888840;1032;1735_4;1735;4;222077,407;7684011,929
10127;31,070979;222221,170719;7683303,242630;1033;1735_7;1735;7;222239,387;7683328,638
6503;138,224202;241933,776858;7717487,288950;1034;1737_1;1737;1;242055,121;7717554,567
6742;448,832386;241205,837196;7717720,229640;1035;1737_2;1737;2;241421,128;7718114,370
6382;289,324796;241089,366852;7718768,462750;1036;1737_26;1737;26;241379,463;7718763,328
9532;50,855333;218115,591034;7686884,705760;1037;1739_1;1739;1;218138,320;7686930,289
9587;22,645707;218173,826208;7687292,351970;1038;1739_2;1739;2;218182,124;7687270,728
9359;0,000000;220838,147151;7689028,434840;1039;1740_17;1740;17;220838,836;7689028,154
9572;387,209125;220037,351741;7687845,586110;1040;1740_4;1740;4;220009,636;7688231,692
9730;54,231381;219775,293460;7685603,531950;1041;1741_11;1741;11;219823,379;7685629,670
9730;34,320629;219484,117587;7685545,296780;1042;1741_12;1741;12;219473,356;7685577,391
9650;270,119848;218989,118625;7686127,648510;1043;1741_2;1741;2;218721,317;7686096,355
9730;392,843023;219192,941731;7685487,061610;1044;1741_7;1741;7;218810,348;7685399,615
9629;171,824438;219425,882424;7686215,001270;1045;1741_9;1741;9;219528,390;7686076,191
9693;21,657361;217970,003088;7686067,462810;1046;1742_2;1742;2;217992,362;7686067,182
8167;229,525526;228335,863928;7704529,963060;1047;1745_36;1745;36;228199,540;7704713,974
8167;233,214423;227753,512196;7705723,784090;1048;1745_7;1745;7;227552,303;7705840,475
9969;65,486695;238701,724696;7684176,770190;1049;1746_6;1746;6;238753,569;7684217,421
8055;195,591601;229238,509084;7704670,918210;1050;1748_38;1748;38;229043,507;7704670,637
5577;623,986180;232295,855731;7724184,333830;1051;1754_6;1754;6;231933,094;7723676,468
9606;346,600638;215669,713765;7686477,059560;1052;1759_1;1759;1;215628,345;7686132,530
9606;160,009041;215757,066522;7686535,294730;1053;1759_4;1759;4;215916,585;7686555,181
9733;167,707868;216455,888582;7685414,158750;1054;1759_7;1759;7;216288,770;7685413,878
6504;266,659942;245361,377551;7717749,347230;1055;1762_5;1762;5;245362,066;7717482,299
8074;53,441227;229558,802545;7704661,483070;1056;1763_10;1763;10;229506,023;7704661,202
6860;341,092996;227433,218760;7714750,235860;1057;1764_12;1764;12;227530,882;7714422,753
6618;204,226619;226647,043932;7716502,383200;1058;1764_2;1764;2;226852,066;7716502,102
6860;203,213394;227491,453938;7715769,351390;1059;1764_5;1764;5;227490,050;7715972,378
9071;744,205506;246621,708257;7692242,341600;1060;1767_15;1767;15;246442,741;7692964,558
8541;43,027427;244408,771687;7702602,743020;1061;1776_10;1776;10;244366,415;7702602,462
8327;172,397874;243198,368595;7701676,439580;1062;1776_2;1776;2;243199,057;7701848,628
8251;227,836990;243855,537543;7702142,320960;1063;1776_36;1776;36;243673,268;7702006,103
8541;439,174646;244583,477216;7703015,848540;1064;1776_8;1776;8;244271,157;7703323,881
9331;15,641605;237206,932524;7689854,699540;1065;1781_10;1781;10;237207,621;7689838,770
9259;5,246055;236634,376059;7689797,438830;1066;1781_15;1781;15;236640,313;7689797,158
9387;209,782539;238410,548832;7688340,585050;1067;1781_3;1781;3;238384,545;7688548,476
9583;357,341881;237711,726761;7688224,114700;1068;1781_5;1781;5;237870,200;7688544,633
9583;227,815473;237012,904682;7689097,642290;1069;1781_9;1781;9;237208,500;7689215,507
9245;35,636784;237711,726761;7689883,817110;1070;1783_6;1783;6;237683,384;7689904,232
9245;511,967748;237857,314689;7689738,229180;1071;1783_8;1783;8;237870,415;7689225,901
9331;577,214372;238876,430225;7689679,994010;1072;1783_9;1783;9;238532,641;7689216,240
6093;337,590204;233955,558150;7721214,340010;1073;1786_2;1786;2;234092,221;7721523,229
7340;31,636224;231107,055414;7711430,831010;1074;1788_116;1788;116;231107,744;7711398,898
8391;165,570484;232354,090879;7711081,419980;1075;1788_16;1788;16;232227,279;7710975,385
8391;233,338675;232470,561225;7711780,242040;1076;1788_18;1788;18;232251,006;7711857,372
8391;23,934748;232645,266743;7710964,949630;1077;1788_21;1788;21;232641,971;7710988,281
8391;24,510674;233285,853644;7711751,124460;1078;1788_24;1788;24;233277,372;7711728,100
8391;36,503052;231608,596421;7708111,426170;1079;1788_31;1788;31;231609,285;7708147,666
8391;1,964382;231072,917063;7708137,337120;1080;1788_33;1788;33;231075,571;7708137,056
7347;36,340326;231771,739146;7713061,415840;1081;1788_36;1788;36;231789,707;7713029,145
8391;114,356108;233635,264684;7712449,946530;1082;1788_42;1788;42;233530,651;7712404,930
8391;36,699198;233402,323989;7713061,415840;1083;1788_46;1788;46;233381,846;7713031,133
8391;41,532978;232732,619500;7714366,190220;1084;1788_58;1788;58;232691,755;7714365,909
8391;40,889572;231655,268798;7710266,127560;1085;1788_62;1788;62;231615,223;7710269,629
8391;98,149831;231684,386366;7709556,547210;1086;1788_65;1788;65;231586,877;7709556,266
6642;479,644534;233314,971245;7716526,408610;1087;1789_20;1789;20;232848,467;7716635,722
6740;330,073123;232616,149166;7715681,998610;1088;1789_21;1789;21;232870,101;7715893,640
6848;16,331730;232963,279471;7715245,234820;1089;1789_24;1789;24;232963,968;7715228,614
